Header,HTC_Primo#C_20120511_CRC,,,,,,,,,,,,,,,,,,,,,,,,,,,,,,,,,,,,,,,,,,,,,,,,,,,,,,,,,,,,,,,,,,,,,,,,,,,,,,,,,,,,,,,,,,,,,,,,,,,,,,,,,,,,,,,,,,,,,,,,,,,,,,,,,,,,,,,,,,,,,,,,,,,,,,,,,,,,,,,,,,,,,,,,,,,,,,,,,,,,,,,,,,,,,,,,,,,,,,,,,,,,,,,,,,,,,,,,,,,,,,,,,,,,,,,,,,,,,,,,,,,,,,,,,,,,,
,,,,,,,,,,,,,,,,,,,,,,,,,,,,,,,,,,,,,,,,,,,,,,,,,,,,,,,,,,,,,,,,,,,,,,,,,,,,,,,,,,,,,,,,,,,,,,,,,,,,,,,,,,,,,,,,,,,,,,,,,,,,,,,,,,,,,,,,,,,,,,,,,,,,,,,,,,,,,,,,,,,,,,,,,,,,,,,,,,,,,,,,,,,,,,,,,,,,,,,,,,,,,,,,,,,,,,,,,,,,,,,,,,,,,,,,,,,,,,,,,,,,,,,,,,,,,,
,Name,Actions,ADIE_CODEC_ACTION_STAGE_REACHED,ADIE_CODEC_FLASH_IMAGE,ADIE_CODEC_ACTION_ENTRY,,,,ADIE_CODEC_ACTION_ENTRY,,,,ADIE_CODEC_ACTION_ENTRY,,,,ADIE_CODEC_ACTION_ENTRY,,,,ADIE_CODEC_ACTION_ENTRY,,,,ADIE_CODEC_ACTION_ENTRY,,,,ADIE_CODEC_ACTION_ENTRY,,,,ADIE_CODEC_ACTION_ENTRY,,,,ADIE_CODEC_ACTION_ENTRY,,,,ADIE_CODEC_ACTION_ENTRY,,,,ADIE_CODEC_ACTION_ENTRY,,,,ADIE_CODEC_ACTION_STAGE_REACHED,ADIE_CODEC_DIGITAL_READY,ADIE_CODEC_ACTION_ENTRY,,,,ADIE_CODEC_ACTION_ENTRY,,,,ADIE_CODEC_ACTION_ENTRY,,,,ADIE_CODEC_ACTION_DELAY_WAIT,,ADIE_CODEC_ACTION_ENTRY,,,,ADIE_CODEC_ACTION_ENTRY,,,,ADIE_CODEC_ACTION_DELAY_WAIT,,ADIE_CODEC_ACTION_ENTRY,,,,ADIE_CODEC_ACTION_ENTRY,,,,ADIE_CODEC_ACTION_ENTRY,,,,ADIE_CODEC_ACTION_ENTRY,,,,ADIE_CODEC_ACTION_DELAY_WAIT,,ADIE_CODEC_ACTION_ENTRY,,,,ADIE_CODEC_ACTION_STAGE_REACHED,ADIE_CODEC_DIGITAL_ANALOG_READY,ADIE_CODEC_ACTION_ENTRY,,,,ADIE_CODEC_ACTION_ENTRY,,,,ADIE_CODEC_ACTION_ENTRY,,,,ADIE_CODEC_ACTION_STAGE_REACHED,ADIE_CODEC_ANALOG_OFF,ADIE_CODEC_ACTION_STAGE_REACHED,ADIE_CODEC_DIGITAL_OFF,,,,,,,,,,,,,,,,,,,,,,,,,,,,,,,,,,,,,,,,,,,,,,,,,,,,,,,,,,,,,,,,,,,,,,,,,,,,,,,,,,,,,,,,,,,,,,,,,,,,,,,,,,,,,,,,,,,,,,,,,,,,,,,,,,,,,,,,,,,,
,,,,,,,,,,,,,,,,,,,,,,,,,,,,,,,,,,,,,,,,,,,,,,,,,,,,,,,,,,,,,,,,,,,,,,,,,,,,,,,,,,,,,,,,,,,,,,,,,,,,,,,,,,,,,,,,,,,,,,,,,,,,,,,,,,,,,,,,,,,,,,,,,,,,,,,,,,,,,,,,,,,,,,,,,,,,,,,,,,,,,,,,,,,,,,,,,,,,,,,,,,,,,,,,,,,,,,,,,,,,,,,,,,,,,,,,,,,,,,,,,,,,,,,,,,,,,,
1,handset_rx_midi_48000,HANDSET_RX_48000_OSR_256,0x3,0x0001,0x1,0x80,0x02,0x02,0x1,0x80,0x02,0x00,0x1,0x83,0x03,0x00,0x1,0x8A,0x0F,0x03,0x1,0x84,0xFF,0xAC,0x1,0x8A,0x0F,0x0F,0x1,0x83,0x03,0x01,0x1,0x81,0xFF,0x0E,0x1,0xA3,0x02,0x02,0x1,0x84,0xFF,0x03,0x1,0x8A,0x0F,0x06,0x3,0x0100,0x1,0x21,0xFF,0x60,0x1,0x22,0xFF,0xE1,0x1,0x24,0xFF,0x4C,0x2,0x1388,0x1,0x26,0xFF,0xD1,0x1,0x39,0x09,0x09,0x2,0x1388,0x1,0x4E,0xFF,0x0E,0x1,0x4F,0xFF,0x04,0x1,0x4F,0xFF,0x00,0x1,0x31,0xFF,0x01,0x2,0x1388,0x1,0x31,0x03,0x03,0x3,0x1000,0x1,0x8A,0x0F,0x03,0x1,0x31,0x03,0x00,0x1,0x39,0x01,0x00,0x3,0x0750,0x3,0x0600,,,,,,,,,,,,,,,,,,,,,,,,,,,,,,,,,,,,,,,,,,,,,,,,,,,,,,,,,,,,,,,,,,,,,,,,,,,,,,,,,,,,,,,,,,,,,,,,,,,,,,,,,,,,,,,,,,,,,,,,,,,,,,,,,,,,,,,,,,,,
,,,,,,,,,,,,,,,,,,,,,,,,,,,,,,,,,,,,,,,,,,,,,,,,,,,,,,,,,,,,,,,,,,,,,,,,,,,,,,,,,,,,,,,,,,,,,,,,,,,,,,,,,,,,,,,,,,,,,,,,,,,,,,,,,,,,,,,,,,,,,,,,,,,,,,,,,,,,,,,,,,,,,,,,,,,,,,,,,,,,,,,,,,,,,,,,,,,,,,,,,,,,,,,,,,,,,,,,,,,,,,,,,,,,,,,,,,,,,,,,,,,,,,,,,,,,,,
2,handset_rx_voice_48000,HANDSET_RX_48000_OSR_256,0x3,0x0001,0x1,0x80,0x02,0x02,0x1,0x80,0x02,0x00,0x1,0x83,0x03,0x00,0x1,0x8A,0x0F,0x03,0x1,0x84,0xFF,0xAC,0x1,0x8A,0x0F,0x0F,0x1,0x83,0x03,0x01,0x1,0x81,0xFF,0x0E,0x1,0xA3,0x02,0x02,0x1,0x84,0xFF,0x03,0x1,0x8A,0x0F,0x06,0x3,0x0100,0x1,0x21,0xFF,0x60,0x1,0x22,0xFF,0xE1,0x1,0x24,0xFF,0x4C,0x2,0x1388,0x1,0x26,0xFF,0xD1,0x1,0x39,0x09,0x09,0x2,0x1388,0x1,0x4E,0xFF,0x0E,0x1,0x4F,0xFF,0x04,0x1,0x4F,0xFF,0x00,0x1,0x31,0xFF,0x01,0x2,0x1388,0x1,0x31,0x03,0x03,0x3,0x1000,0x1,0x8A,0x0F,0x03,0x1,0x31,0x03,0x00,0x1,0x39,0x01,0x00,0x3,0x0750,0x3,0x0600,,,,,,,,,,,,,,,,,,,,,,,,,,,,,,,,,,,,,,,,,,,,,,,,,,,,,,,,,,,,,,,,,,,,,,,,,,,,,,,,,,,,,,,,,,,,,,,,,,,,,,,,,,,,,,,,,,,,,,,,,,,,,,,,,,,,,,,,,,,,
,,,,,,,,,,,,,,,,,,,,,,,,,,,,,,,,,,,,,,,,,,,,,,,,,,,,,,,,,,,,,,,,,,,,,,,,,,,,,,,,,,,,,,,,,,,,,,,,,,,,,,,,,,,,,,,,,,,,,,,,,,,,,,,,,,,,,,,,,,,,,,,,,,,,,,,,,,,,,,,,,,,,,,,,,,,,,,,,,,,,,,,,,,,,,,,,,,,,,,,,,,,,,,,,,,,,,,,,,,,,,,,,,,,,,,,,,,,,,,,,,,,,,,,,,,,,,,
,,,ADIE_CODEC_ACTION_STAGE_REACHED,ADIE_CODEC_FLASH_IMAGE,ADIE_CODEC_ACTION_ENTRY,,,,ADIE_CODEC_ACTION_ENTRY,,,,ADIE_CODEC_ACTION_ENTRY,,,,ADIE_CODEC_ACTION_ENTRY,,,,ADIE_CODEC_ACTION_ENTRY,,,,ADIE_CODEC_ACTION_ENTRY,,,,ADIE_CODEC_ACTION_ENTRY,,,,ADIE_CODEC_ACTION_ENTRY,,,,ADIE_CODEC_ACTION_ENTRY,,,,ADIE_CODEC_ACTION_ENTRY,,,,ADIE_CODEC_ACTION_ENTRY,,,,ADIE_CODEC_ACTION_ENTRY,,,,ADIE_CODEC_ACTION_ENTRY,,,,ADIE_CODEC_ACTION_ENTRY,,,,ADIE_CODEC_ACTION_STAGE_REACHED,ADIE_CODEC_DIGITAL_READY,ADIE_CODEC_ACTION_ENTRY,,,,ADIE_CODEC_ACTION_ENTRY,,,,ADIE_CODEC_ACTION_ENTRY,,,,ADIE_CODEC_ACTION_ENTRY,,,,ADIE_CODEC_ACTION_DELAY_WAIT,,ADIE_CODEC_ACTION_ENTRY,,,,ADIE_CODEC_ACTION_ENTRY,,,,ADIE_CODEC_ACTION_ENTRY,,,,ADIE_CODEC_ACTION_ENTRY,,,,ADIE_CODEC_ACTION_STAGE_REACHED,ADIE_CODEC_DIGITAL_ANALOG_READY,ADIE_CODEC_ACTION_ENTRY,,,,ADIE_CODEC_ACTION_ENTRY,,,,ADIE_CODEC_ACTION_STAGE_REACHED,ADIE_CODEC_ANALOG_OFF,ADIE_CODEC_ACTION_ENTRY,,,,ADIE_CODEC_ACTION_ENTRY,,,,ADIE_CODEC_ACTION_ENTRY,,,,ADIE_CODEC_ACTION_ENTRY,,,,ADIE_CODEC_ACTION_STAGE_REACHED,ADIE_CODEC_DIGITAL_OFF,,,,,,,,,,,,,,,,,,,,,,,,,,,,,,,,,,,,,,,,,,,,,,,,,,,,,,,,,,,,,,,,,,,,,,,,,,,,,,,,,,,,,,,,,,,,,,,,,,,,,,,,,,,,,,,,,,,,,,,,,,,,,,,,
,,,,,,,,,,,,,,,,,,,,,,,,,,,,,,,,,,,,,,,,,,,,,,,,,,,,,,,,,,,,,,,,,,,,,,,,,,,,,,,,,,,,,,,,,,,,,,,,,,,,,,,,,,,,,,,,,,,,,,,,,,,,,,,,,,,,,,,,,,,,,,,,,,,,,,,,,,,,,,,,,,,,,,,,,,,,,,,,,,,,,,,,,,,,,,,,,,,,,,,,,,,,,,,,,,,,,,,,,,,,,,,,,,,,,,,,,,,,,,,,,,,,,,,,,,,,,,
3,handset_tx_midi_8000,LINEIN_PRI_MONO_8000_OSR_256,0x3,0x0001,0x1,0x80,0x05,0x05,0x1,0x80,0x05,0x00,0x1,0x83,0x0C,0x00,0x1,0x8A,0xF0,0xF0,0x1,0x8A,0xF0,0xF0,0x1,0x86,0xFF,0xAC,0x1,0x87,0xFF,0xAC,0x1,0x8A,0xF0,0xF0,0x1,0x82,0xFF,0x1E,0x1,0xA3,0x01,0x01,0x1,0x93,0xFF,0x00,0x1,0x94,0xFF,0x1B,0x1,0x99,0x0F,0x00,0x1,0x9F,0x03,0x03,0x3,0x0100,0x1,0x0D,0xFF,0x90,0x1,0x11,0xFF,0xBC,0x1,0x12,0xFF,0xBC,0x1,0x14,0xFF,0x65,0x2,0xbb8,0x1,0x83,0x0C,0x0C,0x1,0x86,0xff,0x05,0x1,0x87,0xff,0x00,0x1,0x8A,0xF0,0xC0,0x3,0x1000,0x1,0x8A,0xF0,0xF0,0x1,0x83,0x0C,0x00,0x3,0x0750,0x1,0x11,0xff,0x00,0x1,0x12,0xff,0xBC,0x1,0x14,0xff,0x64,0x1,0x0D,0xff,0x00,0x3,0x0600,,,,,,,,,,,,,,,,,,,,,,,,,,,,,,,,,,,,,,,,,,,,,,,,,,,,,,,,,,,,,,,,,,,,,,,,,,,,,,,,,,,,,,,,,,,,,,,,,,,,,,,,,,,,,,,,,,,,,,,,,,,,,,,,
,,,,,,,,,,,,,,,,,,,,,,,,,,,,,,,,,,,,,,,,,,,,,,,,,,,,,,,,,,,,,,,,,,,,,,,,,,,,,,,,,,,,,,,,,,,,,,,,,,,,,,,,,,,,,,,,,,,,,,,,,,,,,,,,,,,,,,,,,,,,,,,,,,,,,,,,,,,,,,,,,,,,,,,,,,,,,,,,,,,,,,,,,,,,,,,,,,,,,,,,,,,,,,,,,,,,,,,,,,,,,,,,,,,,,,,,,,,,,,,,,,,,,,,,,,,,,,
4,handset_tx_voice_8000,LINEIN_PRI_MONO_8000_OSR_256,0x3,0x0001,0x1,0x80,0x05,0x05,0x1,0x80,0x05,0x00,0x1,0x83,0x0C,0x00,0x1,0x8A,0xF0,0xF0,0x1,0x8A,0xF0,0xF0,0x1,0x86,0xFF,0xAC,0x1,0x87,0xFF,0xAC,0x1,0x8A,0xF0,0xF0,0x1,0x82,0xFF,0x1E,0x1,0xA3,0x01,0x01,0x1,0x93,0xFF,0x00,0x1,0x94,0xFF,0x1B,0x1,0x99,0x0F,0x00,0x1,0x9F,0x03,0x03,0x3,0x0100,0x1,0x0D,0xFF,0x90,0x1,0x11,0xFF,0xBC,0x1,0x12,0xFF,0xBC,0x1,0x14,0xFF,0x65,0x2,0xbb8,0x1,0x83,0x0C,0x0C,0x1,0x86,0xff,0x05,0x1,0x87,0xff,0x00,0x1,0x8A,0xF0,0xC0,0x3,0x1000,0x1,0x8A,0xF0,0xF0,0x1,0x83,0x0C,0x00,0x3,0x0750,0x1,0x11,0xff,0x00,0x1,0x12,0xff,0xBC,0x1,0x14,0xff,0x64,0x1,0x0D,0xff,0x00,0x3,0x0600,,,,,,,,,,,,,,,,,,,,,,,,,,,,,,,,,,,,,,,,,,,,,,,,,,,,,,,,,,,,,,,,,,,,,,,,,,,,,,,,,,,,,,,,,,,,,,,,,,,,,,,,,,,,,,,,,,,,,,,,,,,,,,,,
,,,,,,,,,,,,,,,,,,,,,,,,,,,,,,,,,,,,,,,,,,,,,,,,,,,,,,,,,,,,,,,,,,,,,,,,,,,,,,,,,,,,,,,,,,,,,,,,,,,,,,,,,,,,,,,,,,,,,,,,,,,,,,,,,,,,,,,,,,,,,,,,,,,,,,,,,,,,,,,,,,,,,,,,,,,,,,,,,,,,,,,,,,,,,,,,,,,,,,,,,,,,,,,,,,,,,,,,,,,,,,,,,,,,,,,,,,,,,,,,,,,,,,,,,,,,,,
,,,ADIE_CODEC_ACTION_STAGE_REACHED,ADIE_CODEC_FLASH_IMAGE,ADIE_CODEC_ACTION_ENTRY,,,,ADIE_CODEC_ACTION_ENTRY,,,,ADIE_CODEC_ACTION_ENTRY,,,,ADIE_CODEC_ACTION_ENTRY,,,,ADIE_CODEC_ACTION_ENTRY,,,,ADIE_CODEC_ACTION_ENTRY,,,,ADIE_CODEC_ACTION_ENTRY,,,,ADIE_CODEC_ACTION_ENTRY,,,,ADIE_CODEC_ACTION_ENTRY,,,,ADIE_CODEC_ACTION_ENTRY,,,,ADIE_CODEC_ACTION_ENTRY,,,,ADIE_CODEC_ACTION_ENTRY,,,,ADIE_CODEC_ACTION_ENTRY,,,,ADIE_CODEC_ACTION_ENTRY,,,,ADIE_CODEC_ACTION_STAGE_REACHED,ADIE_CODEC_DIGITAL_READY,ADIE_CODEC_ACTION_ENTRY,,,,ADIE_CODEC_ACTION_ENTRY,,,,ADIE_CODEC_ACTION_ENTRY,,,,ADIE_CODEC_ACTION_ENTRY,,,,ADIE_CODEC_ACTION_DELAY_WAIT,,ADIE_CODEC_ACTION_ENTRY,,,,ADIE_CODEC_ACTION_ENTRY,,,,ADIE_CODEC_ACTION_ENTRY,,,,ADIE_CODEC_ACTION_ENTRY,,,,ADIE_CODEC_ACTION_STAGE_REACHED,ADIE_CODEC_DIGITAL_ANALOG_READY,ADIE_CODEC_ACTION_ENTRY,,,,ADIE_CODEC_ACTION_ENTRY,,,,ADIE_CODEC_ACTION_STAGE_REACHED,ADIE_CODEC_ANALOG_OFF,ADIE_CODEC_ACTION_ENTRY,,,,ADIE_CODEC_ACTION_ENTRY,,,,ADIE_CODEC_ACTION_ENTRY,,,,ADIE_CODEC_ACTION_ENTRY,,,,ADIE_CODEC_ACTION_STAGE_REACHED,ADIE_CODEC_DIGITAL_OFF,,,,,,,,,,,,,,,,,,,,,,,,,,,,,,,,,,,,,,,,,,,,,,,,,,,,,,,,,,,,,,,,,,,,,,,,,,,,,,,,,,,,,,,,,,,,,,,,,,,,,,,,,,,,,,,,,,,,,,,,,,,,,,,,
,,,,,,,,,,,,,,,,,,,,,,,,,,,,,,,,,,,,,,,,,,,,,,,,,,,,,,,,,,,,,,,,,,,,,,,,,,,,,,,,,,,,,,,,,,,,,,,,,,,,,,,,,,,,,,,,,,,,,,,,,,,,,,,,,,,,,,,,,,,,,,,,,,,,,,,,,,,,,,,,,,,,,,,,,,,,,,,,,,,,,,,,,,,,,,,,,,,,,,,,,,,,,,,,,,,,,,,,,,,,,,,,,,,,,,,,,,,,,,,,,,,,,,,,,,,,,,
5,handset_tx_voice_16000,LINEIN_PRI_MONO_16000_OSR_256,0x3,0x0001,0x1,0x80,0x05,0x05,0x1,0x80,0x05,0x00,0x1,0x83,0x0C,0x00,0x1,0x8A,0xF0,0xF0,0x1,0x8A,0xF0,0xF0,0x1,0x86,0xFF,0xAC,0x1,0x87,0xFF,0xAC,0x1,0x8A,0xF0,0xF0,0x1,0x82,0xFF,0x1E,0x1,0xA3,0x01,0x01,0x1,0x93,0xFF,0x00,0x1,0x94,0xFF,0x1B,0x1,0x99,0x0F,0x00,0x1,0x9F,0x03,0x03,0x3,0x0100,0x1,0x0D,0xFF,0x90,0x1,0x11,0xFF,0xBC,0x1,0x12,0xFF,0xBC,0x1,0x14,0xFF,0x65,0x2,0xbb8,0x1,0x83,0x0C,0x0C,0x1,0x86,0xff,0x05,0x1,0x87,0xff,0x00,0x1,0x8A,0xF0,0xC0,0x3,0x1000,0x1,0x8A,0xF0,0xF0,0x1,0x83,0x0C,0x00,0x3,0x0750,0x1,0x11,0xff,0x00,0x1,0x12,0xff,0xBC,0x1,0x14,0xff,0x64,0x1,0x0D,0xff,0x00,0x3,0x0600,,,,,,,,,,,,,,,,,,,,,,,,,,,,,,,,,,,,,,,,,,,,,,,,,,,,,,,,,,,,,,,,,,,,,,,,,,,,,,,,,,,,,,,,,,,,,,,,,,,,,,,,,,,,,,,,,,,,,,,,,,,,,,,,
,,,,,,,,,,,,,,,,,,,,,,,,,,,,,,,,,,,,,,,,,,,,,,,,,,,,,,,,,,,,,,,,,,,,,,,,,,,,,,,,,,,,,,,,,,,,,,,,,,,,,,,,,,,,,,,,,,,,,,,,,,,,,,,,,,,,,,,,,,,,,,,,,,,,,,,,,,,,,,,,,,,,,,,,,,,,,,,,,,,,,,,,,,,,,,,,,,,,,,,,,,,,,,,,,,,,,,,,,,,,,,,,,,,,,,,,,,,,,,,,,,,,,,,,,,,,,,
,,,ADIE_CODEC_ACTION_STAGE_REACHED,ADIE_CODEC_FLASH_IMAGE,ADIE_CODEC_ACTION_ENTRY,,,,ADIE_CODEC_ACTION_ENTRY,,,,ADIE_CODEC_ACTION_ENTRY,,,,ADIE_CODEC_ACTION_ENTRY,,,,ADIE_CODEC_ACTION_ENTRY,,,,ADIE_CODEC_ACTION_ENTRY,,,,ADIE_CODEC_ACTION_ENTRY,,,,ADIE_CODEC_ACTION_ENTRY,,,,ADIE_CODEC_ACTION_ENTRY,,,,ADIE_CODEC_ACTION_ENTRY,,,,ADIE_CODEC_ACTION_ENTRY,,,,ADIE_CODEC_ACTION_ENTRY,,,,ADIE_CODEC_ACTION_ENTRY,,,,ADIE_CODEC_ACTION_ENTRY,,,,ADIE_CODEC_ACTION_ENTRY,,,,ADIE_CODEC_ACTION_ENTRY,,,,ADIE_CODEC_ACTION_ENTRY,,,,ADIE_CODEC_ACTION_ENTRY,,,,ADIE_CODEC_ACTION_STAGE_REACHED,ADIE_CODEC_DIGITAL_READY,ADIE_CODEC_ACTION_ENTRY,,,,ADIE_CODEC_ACTION_ENTRY,,,,ADIE_CODEC_ACTION_ENTRY,,,,ADIE_CODEC_ACTION_ENTRY,,,,ADIE_CODEC_ACTION_DELAY_WAIT,,ADIE_CODEC_ACTION_ENTRY,,,,ADIE_CODEC_ACTION_ENTRY,,,,ADIE_CODEC_ACTION_ENTRY,,,,ADIE_CODEC_ACTION_ENTRY,,,,ADIE_CODEC_ACTION_STAGE_REACHED,ADIE_CODEC_DIGITAL_ANALOG_READY,ADIE_CODEC_ACTION_ENTRY,,,,ADIE_CODEC_ACTION_ENTRY,,,,ADIE_CODEC_ACTION_STAGE_REACHED,ADIE_CODEC_ANALOG_OFF,ADIE_CODEC_ACTION_ENTRY,,,,ADIE_CODEC_ACTION_ENTRY,,,,ADIE_CODEC_ACTION_ENTRY,,,,ADIE_CODEC_ACTION_ENTRY,,,,ADIE_CODEC_ACTION_STAGE_REACHED,ADIE_CODEC_DIGITAL_OFF,,,,,,,,,,,,,,,,,,,,,,,,,,,,,,,,,,,,,,,,,,,,,,,,,,,,,,,,,,,,,,,,,,,,,,,,,,,,,,,,,,,,,,,,,,,,,,,,,,,,,,,,,,,,,,,,
,,,,,,,,,,,,,,,,,,,,,,,,,,,,,,,,,,,,,,,,,,,,,,,,,,,,,,,,,,,,,,,,,,,,,,,,,,,,,,,,,,,,,,,,,,,,,,,,,,,,,,,,,,,,,,,,,,,,,,,,,,,,,,,,,,,,,,,,,,,,,,,,,,,,,,,,,,,,,,,,,,,,,,,,,,,,,,,,,,,,,,,,,,,,,,,,,,,,,,,,,,,,,,,,,,,,,,,,,,,,,,,,,,,,,,,,,,,,,,,,,,,,,,,,,,,,,,
6,handset_tx_midi_48000,LINEIN_PRI_MONO_48000_OSR_256,0x3,0x0001,0x1,0x80,0x05,0x05,0x1,0x80,0x05,0x00,0x1,0x83,0x0C,0x00,0x1,0x8A,0xF0,0xF0,0x1,0x8A,0xF0,0xF0,0x1,0x86,0xFF,0xAC,0x1,0x87,0xFF,0xAC,0x1,0x8A,0xF0,0xF0,0x1,0x82,0xFF,0x1E,0x1,0xA3,0x01,0x01,0x1,0x93,0xFF,0x00,0x1,0x94,0xFF,0x1B,0x1,0x99,0x0F,0x00,0x1,0x9F,0x03,0x03,0x3,0x0100,0x1,0x0D,0xFF,0xD0,0x1,0x11,0xFF,0xBC,0x1,0x12,0xFF,0xBC,0x1,0x14,0xFF,0x65,0x2,0xbb8,0x1,0x83,0x0C,0x0C,0x1,0x86,0xff,0x0C,0x1,0x87,0xff,0x00,0x1,0x8A,0xF0,0xC0,0x3,0x1000,0x1,0x8A,0xF0,0xF0,0x1,0x83,0x0C,0x00,0x3,0x0750,0x1,0x11,0xff,0x00,0x1,0x12,0xff,0xBC,0x1,0x14,0xff,0x64,0x1,0x0D,0xff,0x00,0x3,0x0600,,,,,,,,,,,,,,,,,,,,,,,,,,,,,,,,,,,,,,,,,,,,,,,,,,,,,,,,,,,,,,,,,,,,,,,,,,,,,,,,,,,,,,,,,,,,,,,,,,,,,,,,,,,,,,,,,,,,,,,,,,,,,,,,
,,,,,,,,,,,,,,,,,,,,,,,,,,,,,,,,,,,,,,,,,,,,,,,,,,,,,,,,,,,,,,,,,,,,,,,,,,,,,,,,,,,,,,,,,,,,,,,,,,,,,,,,,,,,,,,,,,,,,,,,,,,,,,,,,,,,,,,,,,,,,,,,,,,,,,,,,,,,,,,,,,,,,,,,,,,,,,,,,,,,,,,,,,,,,,,,,,,,,,,,,,,,,,,,,,,,,,,,,,,,,,,,,,,,,,,,,,,,,,,,,,,,,,,,,,,,,,
7,handset_tx_voice_48000,LINEIN_PRI_MONO_48000_OSR_256,0x3,0x0001,0x1,0x80,0x05,0x05,0x1,0x80,0x05,0x00,0x1,0x83,0x0C,0x00,0x1,0x8A,0xF0,0xF0,0x1,0x8A,0xF0,0xF0,0x1,0x86,0xFF,0xAC,0x1,0x87,0xFF,0xAC,0x1,0x8A,0xF0,0xF0,0x1,0x82,0xFF,0x1E,0x1,0xA3,0x01,0x01,0x1,0x93,0xFF,0x00,0x1,0x94,0xFF,0x1B,0x1,0x99,0x0F,0x00,0x1,0x9F,0x03,0x03,0x3,0x0100,0x1,0x0D,0xFF,0xD0,0x1,0x11,0xFF,0xBC,0x1,0x12,0xFF,0xBC,0x1,0x14,0xFF,0x65,0x2,0xbb8,0x1,0x83,0x0C,0x0C,0x1,0x86,0xff,0x03,0x1,0x87,0xff,0x00,0x1,0x8A,0xF0,0xC0,0x3,0x1000,0x1,0x8A,0xF0,0xF0,0x1,0x83,0x0C,0x00,0x3,0x0750,0x1,0x11,0xff,0x00,0x1,0x12,0xff,0xBC,0x1,0x14,0xff,0x64,0x1,0x0D,0xff,0x00,0x3,0x0600,,,,,,,,,,,,,,,,,,,,,,,,,,,,,,,,,,,,,,,,,,,,,,,,,,,,,,,,,,,,,,,,,,,,,,,,,,,,,,,,,,,,,,,,,,,,,,,,,,,,,,,,,,,,,,,,,,,,,,,,,,,,,,,,
,,,,,,,,,,,,,,,,,,,,,,,,,,,,,,,,,,,,,,,,,,,,,,,,,,,,,,,,,,,,,,,,,,,,,,,,,,,,,,,,,,,,,,,,,,,,,,,,,,,,,,,,,,,,,,,,,,,,,,,,,,,,,,,,,,,,,,,,,,,,,,,,,,,,,,,,,,,,,,,,,,,,,,,,,,,,,,,,,,,,,,,,,,,,,,,,,,,,,,,,,,,,,,,,,,,,,,,,,,,,,,,,,,,,,,,,,,,,,,,,,,,,,,,,,,,,,,
,,,ADIE_CODEC_ACTION_STAGE_REACHED,ADIE_CODEC_FLASH_IMAGE,ADIE_CODEC_ACTION_ENTRY,,,,ADIE_CODEC_ACTION_ENTRY,,,,ADIE_CODEC_ACTION_ENTRY,,,,ADIE_CODEC_ACTION_ENTRY,,,,ADIE_CODEC_ACTION_ENTRY,,,,ADIE_CODEC_ACTION_ENTRY,,,,ADIE_CODEC_ACTION_ENTRY,,,,ADIE_CODEC_ACTION_ENTRY,,,,ADIE_CODEC_ACTION_ENTRY,,,,ADIE_CODEC_ACTION_ENTRY,,,,ADIE_CODEC_ACTION_STAGE_REACHED,ADIE_CODEC_DIGITAL_READY,ADIE_CODEC_ACTION_ENTRY,,,,ADIE_CODEC_ACTION_ENTRY,,,,ADIE_CODEC_ACTION_ENTRY,,,,ADIE_CODEC_ACTION_ENTRY,,,,ADIE_CODEC_ACTION_ENTRY,,,,ADIE_CODEC_ACTION_ENTRY,,,,ADIE_CODEC_ACTION_ENTRY,,,,ADIE_CODEC_ACTION_ENTRY,,,,ADIE_CODEC_ACTION_DELAY_WAIT,,ADIE_CODEC_ACTION_ENTRY,,,,ADIE_CODEC_ACTION_ENTRY,,,,ADIE_CODEC_ACTION_ENTRY,,,,ADIE_CODEC_ACTION_ENTRY,,,,ADIE_CODEC_ACTION_ENTRY,,,,ADIE_CODEC_ACTION_ENTRY,,,,ADIE_CODEC_ACTION_ENTRY,,,,ADIE_CODEC_ACTION_ENTRY,,,,ADIE_CODEC_ACTION_ENTRY,,,,ADIE_CODEC_ACTION_ENTRY,,,,ADIE_CODEC_ACTION_ENTRY,,,,ADIE_CODEC_ACTION_ENTRY,,,,ADIE_CODEC_ACTION_STAGE_REACHED,ADIE_CODEC_DIGITAL_ANALOG_READY,ADIE_CODEC_ACTION_ENTRY,,,,ADIE_CODEC_ACTION_ENTRY,,,,ADIE_CODEC_ACTION_ENTRY,,,,ADIE_CODEC_ACTION_ENTRY,,,,ADIE_CODEC_ACTION_ENTRY,,,,ADIE_CODEC_ACTION_ENTRY,,,,ADIE_CODEC_ACTION_ENTRY,,,,ADIE_CODEC_ACTION_ENTRY,,,,ADIE_CODEC_ACTION_ENTRY,,,,ADIE_CODEC_ACTION_ENTRY,,,,ADIE_CODEC_ACTION_STAGE_REACHED,ADIE_CODEC_ANALOG_OFF,ADIE_CODEC_ACTION_STAGE_REACHED,ADIE_CODEC_DIGITAL_OFF,,,,,,,,,,,,,,,,,,,,,,,,,,,,,,,,,,,,,,,,,,,,,,,,,,,,,,,,,,,,,,,,,,,,,,,,,,,,,,,,
,,,,,,,,,,,,,,,,,,,,,,,,,,,,,,,,,,,,,,,,,,,,,,,,,,,,,,,,,,,,,,,,,,,,,,,,,,,,,,,,,,,,,,,,,,,,,,,,,,,,,,,,,,,,,,,,,,,,,,,,,,,,,,,,,,,,,,,,,,,,,,,,,,,,,,,,,,,,,,,,,,,,,,,,,,,,,,,,,,,,,,,,,,,,,,,,,,,,,,,,,,,,,,,,,,,,,,,,,,,,,,,,,,,,,,,,,,,,,,,,,,,,,,,,,,,,,,
8,headset_stereo_rx_midi_48000,HEADSET_STEREO_RX_CAPLESS_48000_OSR_256,0x3,0x0001,0x1,0x80,0x02,0x02,0x1,0x80,0x02,0x00,0x1,0x83,0x03,0x00,0x1,0x8A,0x0F,0x03,0x1,0xA3,0x02,0x02,0x1,0x84,0xFF,0x00,0x1,0x85,0xFF,0x00,0x1,0x8A,0x0F,0x0C,0x1,0x81,0xFF,0x0E,0x1,0x83,0x03,0x03,0x3,0x0100,0x1,0x21,0xFF,0x28,0x1,0x22,0xFF,0xA9,0x1,0x26,0xFF,0xD1,0x1,0x24,0x6F,0x6C,0x1,0xB7,0x01,0x01,0x1,0x31,0xFF,0x04,0x1,0x31,0xFF,0x55,0x1,0x4C,0xFE,0xCA,0x2,0xbb8,0x1,0x31,0xFF,0xF5,0x1,0x4C,0xFE,0xC8,0x1,0xE2,0xFE,0xAC,0x1,0xE3,0xFE,0xAC,0x1,0x3C,0x27,0x24,0x1,0x3D,0x04,0x00,0x1,0xE2,0xFE,0x3C,0x1,0xE3,0xFE,0x3C,0x1,0xE2,0xFE,0x1C,0x1,0xE3,0xFE,0x1C,0x1,0xE2,0xFE,0x04,0x1,0xE3,0xFE,0x04,0x3,0x1000,0x1,0x8A,0x0F,0x03,0x1,0xE2,0xFE,0x1C,0x1,0xE3,0xFE,0x1C,0x1,0xE2,0xFE,0x3C,0x1,0xE3,0xFE,0x3C,0x1,0xE2,0xFE,0xAC,0x1,0xE3,0xFE,0xAC,0x1,0x3C,0x27,0x00,0x1,0x3D,0x04,0x00,0x1,0x31,0xFF,0x00,0x3,0x0750,0x3,0x0600,,,,,,,,,,,,,,,,,,,,,,,,,,,,,,,,,,,,,,,,,,,,,,,,,,,,,,,,,,,,,,,,,,,,,,,,,,,,,,,,
,,,,,,,,,,,,,,,,,,,,,,,,,,,,,,,,,,,,,,,,,,,,,,,,,,,,,,,,,,,,,,,,,,,,,,,,,,,,,,,,,,,,,,,,,,,,,,,,,,,,,,,,,,,,,,,,,,,,,,,,,,,,,,,,,,,,,,,,,,,,,,,,,,,,,,,,,,,,,,,,,,,,,,,,,,,,,,,,,,,,,,,,,,,,,,,,,,,,,,,,,,,,,,,,,,,,,,,,,,,,,,,,,,,,,,,,,,,,,,,,,,,,,,,,,,,,,,
9,headset_stereo_rx_voice_48000,HEADSET_STEREO_RX_CAPLESS_48000_OSR_256,0x3,0x0001,0x1,0x80,0x02,0x02,0x1,0x80,0x02,0x00,0x1,0x83,0x03,0x00,0x1,0x8A,0x0F,0x03,0x1,0xA3,0x02,0x02,0x1,0x84,0xFF,0xF6,0x1,0x85,0xFF,0xF6,0x1,0x8A,0x0F,0x0C,0x1,0x81,0xFF,0x0E,0x1,0x83,0x03,0x03,0x3,0x0100,0x1,0x21,0xFF,0x28,0x1,0x22,0xFF,0xA9,0x1,0x26,0xFF,0xD1,0x1,0x24,0x6F,0x6C,0x1,0xB7,0x01,0x01,0x1,0x31,0xFF,0x04,0x1,0x31,0xFF,0x55,0x1,0x4C,0xFE,0xCA,0x2,0xbb8,0x1,0x31,0xFF,0xF5,0x1,0x4C,0xFE,0xC8,0x1,0xE2,0xFE,0xAC,0x1,0xE3,0xFE,0xAC,0x1,0x3C,0x27,0x20,0x1,0x3D,0x27,0x20,0x1,0xE2,0xFE,0x3C,0x1,0xE3,0xFE,0x3C,0x1,0xE2,0xFE,0x1C,0x1,0xE3,0xFE,0x1C,0x1,0xE2,0xFE,0x04,0x1,0xE3,0xFE,0x04,0x3,0x1000,0x1,0x8A,0x0F,0x03,0x1,0xE2,0xFE,0x1C,0x1,0xE3,0xFE,0x1C,0x1,0xE2,0xFE,0x3C,0x1,0xE3,0xFE,0x3C,0x1,0xE2,0xFE,0xAC,0x1,0xE3,0xFE,0xAC,0x1,0x3C,0x27,0x00,0x1,0x3D,0x04,0x00,0x1,0x31,0xFF,0x00,0x3,0x0750,0x3,0x0600,,,,,,,,,,,,,,,,,,,,,,,,,,,,,,,,,,,,,,,,,,,,,,,,,,,,,,,,,,,,,,,,,,,,,,,,,,,,,,,,
,,,,,,,,,,,,,,,,,,,,,,,,,,,,,,,,,,,,,,,,,,,,,,,,,,,,,,,,,,,,,,,,,,,,,,,,,,,,,,,,,,,,,,,,,,,,,,,,,,,,,,,,,,,,,,,,,,,,,,,,,,,,,,,,,,,,,,,,,,,,,,,,,,,,,,,,,,,,,,,,,,,,,,,,,,,,,,,,,,,,,,,,,,,,,,,,,,,,,,,,,,,,,,,,,,,,,,,,,,,,,,,,,,,,,,,,,,,,,,,,,,,,,,,,,,,,,,
,,,ADIE_CODEC_ACTION_STAGE_REACHED,ADIE_CODEC_FLASH_IMAGE,ADIE_CODEC_ACTION_ENTRY,,,,ADIE_CODEC_ACTION_ENTRY,,,,ADIE_CODEC_ACTION_ENTRY,,,,ADIE_CODEC_ACTION_ENTRY,,,,ADIE_CODEC_ACTION_ENTRY,,,,ADIE_CODEC_ACTION_ENTRY,,,,ADIE_CODEC_ACTION_ENTRY,,,,ADIE_CODEC_ACTION_ENTRY,,,,ADIE_CODEC_ACTION_ENTRY,,,,ADIE_CODEC_ACTION_ENTRY,,,,ADIE_CODEC_ACTION_ENTRY,,,,ADIE_CODEC_ACTION_ENTRY,,,,ADIE_CODEC_ACTION_ENTRY,,,,ADIE_CODEC_ACTION_ENTRY,,,,ADIE_CODEC_ACTION_STAGE_REACHED,ADIE_CODEC_DIGITAL_READY,ADIE_CODEC_ACTION_ENTRY,,,,ADIE_CODEC_ACTION_ENTRY,,,,ADIE_CODEC_ACTION_ENTRY,,,,ADIE_CODEC_ACTION_ENTRY,,,,ADIE_CODEC_ACTION_DELAY_WAIT,,ADIE_CODEC_ACTION_ENTRY,,,,ADIE_CODEC_ACTION_ENTRY,,,,ADIE_CODEC_ACTION_ENTRY,,,,ADIE_CODEC_ACTION_ENTRY,,,,ADIE_CODEC_ACTION_STAGE_REACHED,ADIE_CODEC_DIGITAL_ANALOG_READY,ADIE_CODEC_ACTION_ENTRY,,,,ADIE_CODEC_ACTION_ENTRY,,,,ADIE_CODEC_ACTION_STAGE_REACHED,ADIE_CODEC_ANALOG_OFF,ADIE_CODEC_ACTION_ENTRY,,,,ADIE_CODEC_ACTION_ENTRY,,,,ADIE_CODEC_ACTION_ENTRY,,,,ADIE_CODEC_ACTION_ENTRY,,,,ADIE_CODEC_ACTION_STAGE_REACHED,ADIE_CODEC_DIGITAL_OFF,,,,,,,,,,,,,,,,,,,,,,,,,,,,,,,,,,,,,,,,,,,,,,,,,,,,,,,,,,,,,,,,,,,,,,,,,,,,,,,,,,,,,,,,,,,,,,,,,,,,,,,,,,,,,,,,,,,,,,,,,,,,,,,,
,,,,,,,,,,,,,,,,,,,,,,,,,,,,,,,,,,,,,,,,,,,,,,,,,,,,,,,,,,,,,,,,,,,,,,,,,,,,,,,,,,,,,,,,,,,,,,,,,,,,,,,,,,,,,,,,,,,,,,,,,,,,,,,,,,,,,,,,,,,,,,,,,,,,,,,,,,,,,,,,,,,,,,,,,,,,,,,,,,,,,,,,,,,,,,,,,,,,,,,,,,,,,,,,,,,,,,,,,,,,,,,,,,,,,,,,,,,,,,,,,,,,,,,,,,,,,,
10,headset_mono_tx_midi_8000,HEADSET_MONO_TX_8000_OSR_256,0x3,0x0001,0x1,0x80,0x05,0x05,0x1,0x80,0x05,0x00,0x1,0x83,0x0C,0x00,0x1,0x8A,0xF0,0xF0,0x1,0x8A,0xF0,0xF0,0x1,0x86,0xFF,0xAC,0x1,0x87,0xFF,0xAC,0x1,0x8A,0xF0,0xF0,0x1,0x82,0xFF,0x1E,0x1,0xA3,0x01,0x01,0x1,0x93,0xFF,0x00,0x1,0x94,0xFF,0x1B,0x1,0x99,0x0F,0x00,0x1,0x9F,0x03,0x03,0x3,0x0100,0x1,0x0D,0xFF,0xE1,0x1,0x11,0xFF,0xBC,0x1,0x12,0xFF,0xBC,0x1,0x14,0xFF,0x65,0x2,0xbb8,0x1,0x83,0x0C,0x0C,0x1,0x86,0xff,0x05,0x1,0x87,0xff,0x00,0x1,0x8A,0xF0,0xC0,0x3,0x1000,0x1,0x8A,0xF0,0xF0,0x1,0x83,0x0C,0x00,0x3,0x0750,0x1,0x11,0xff,0x00,0x1,0x12,0xff,0xBC,0x1,0x14,0xff,0x64,0x1,0x0D,0xff,0x00,0x3,0x0600,,,,,,,,,,,,,,,,,,,,,,,,,,,,,,,,,,,,,,,,,,,,,,,,,,,,,,,,,,,,,,,,,,,,,,,,,,,,,,,,,,,,,,,,,,,,,,,,,,,,,,,,,,,,,,,,,,,,,,,,,,,,,,,,
,,,,,,,,,,,,,,,,,,,,,,,,,,,,,,,,,,,,,,,,,,,,,,,,,,,,,,,,,,,,,,,,,,,,,,,,,,,,,,,,,,,,,,,,,,,,,,,,,,,,,,,,,,,,,,,,,,,,,,,,,,,,,,,,,,,,,,,,,,,,,,,,,,,,,,,,,,,,,,,,,,,,,,,,,,,,,,,,,,,,,,,,,,,,,,,,,,,,,,,,,,,,,,,,,,,,,,,,,,,,,,,,,,,,,,,,,,,,,,,,,,,,,,,,,,,,,,
11,headset_mono_tx_voice_8000,HEADSET_MONO_TX_8000_OSR_256,0x3,0x0001,0x1,0x80,0x05,0x05,0x1,0x80,0x05,0x00,0x1,0x83,0x0C,0x00,0x1,0x8A,0xF0,0xF0,0x1,0x8A,0xF0,0xF0,0x1,0x86,0xFF,0xAC,0x1,0x87,0xFF,0xAC,0x1,0x8A,0xF0,0xF0,0x1,0x82,0xFF,0x1E,0x1,0xA3,0x01,0x01,0x1,0x93,0xFF,0x00,0x1,0x94,0xFF,0x1B,0x1,0x99,0x0F,0x00,0x1,0x9F,0x03,0x03,0x3,0x0100,0x1,0x0D,0xFF,0xE1,0x1,0x11,0xFF,0xBC,0x1,0x12,0xFF,0xBC,0x1,0x14,0xFF,0x65,0x2,0xbb8,0x1,0x83,0x0C,0x0C,0x1,0x86,0xff,0x05,0x1,0x87,0xff,0x00,0x1,0x8A,0xF0,0xC0,0x3,0x1000,0x1,0x8A,0xF0,0xF0,0x1,0x83,0x0C,0x00,0x3,0x0750,0x1,0x11,0xff,0x00,0x1,0x12,0xff,0xBC,0x1,0x14,0xff,0x64,0x1,0x0D,0xff,0x00,0x3,0x0600,,,,,,,,,,,,,,,,,,,,,,,,,,,,,,,,,,,,,,,,,,,,,,,,,,,,,,,,,,,,,,,,,,,,,,,,,,,,,,,,,,,,,,,,,,,,,,,,,,,,,,,,,,,,,,,,,,,,,,,,,,,,,,,,
,,,,,,,,,,,,,,,,,,,,,,,,,,,,,,,,,,,,,,,,,,,,,,,,,,,,,,,,,,,,,,,,,,,,,,,,,,,,,,,,,,,,,,,,,,,,,,,,,,,,,,,,,,,,,,,,,,,,,,,,,,,,,,,,,,,,,,,,,,,,,,,,,,,,,,,,,,,,,,,,,,,,,,,,,,,,,,,,,,,,,,,,,,,,,,,,,,,,,,,,,,,,,,,,,,,,,,,,,,,,,,,,,,,,,,,,,,,,,,,,,,,,,,,,,,,,,,
,,,ADIE_CODEC_ACTION_STAGE_REACHED,ADIE_CODEC_FLASH_IMAGE,ADIE_CODEC_ACTION_ENTRY,,,,ADIE_CODEC_ACTION_ENTRY,,,,ADIE_CODEC_ACTION_ENTRY,,,,ADIE_CODEC_ACTION_ENTRY,,,,ADIE_CODEC_ACTION_ENTRY,,,,ADIE_CODEC_ACTION_ENTRY,,,,ADIE_CODEC_ACTION_ENTRY,,,,ADIE_CODEC_ACTION_ENTRY,,,,ADIE_CODEC_ACTION_ENTRY,,,,ADIE_CODEC_ACTION_ENTRY,,,,ADIE_CODEC_ACTION_ENTRY,,,,ADIE_CODEC_ACTION_ENTRY,,,,ADIE_CODEC_ACTION_ENTRY,,,,ADIE_CODEC_ACTION_ENTRY,,,,ADIE_CODEC_ACTION_STAGE_REACHED,ADIE_CODEC_DIGITAL_READY,ADIE_CODEC_ACTION_ENTRY,,,,ADIE_CODEC_ACTION_ENTRY,,,,ADIE_CODEC_ACTION_ENTRY,,,,ADIE_CODEC_ACTION_ENTRY,,,,ADIE_CODEC_ACTION_DELAY_WAIT,,ADIE_CODEC_ACTION_ENTRY,,,,ADIE_CODEC_ACTION_ENTRY,,,,ADIE_CODEC_ACTION_ENTRY,,,,ADIE_CODEC_ACTION_ENTRY,,,,ADIE_CODEC_ACTION_STAGE_REACHED,ADIE_CODEC_DIGITAL_ANALOG_READY,ADIE_CODEC_ACTION_ENTRY,,,,ADIE_CODEC_ACTION_ENTRY,,,,ADIE_CODEC_ACTION_STAGE_REACHED,ADIE_CODEC_ANALOG_OFF,ADIE_CODEC_ACTION_ENTRY,,,,ADIE_CODEC_ACTION_ENTRY,,,,ADIE_CODEC_ACTION_ENTRY,,,,ADIE_CODEC_ACTION_ENTRY,,,,ADIE_CODEC_ACTION_STAGE_REACHED,ADIE_CODEC_DIGITAL_OFF,,,,,,,,,,,,,,,,,,,,,,,,,,,,,,,,,,,,,,,,,,,,,,,,,,,,,,,,,,,,,,,,,,,,,,,,,,,,,,,,,,,,,,,,,,,,,,,,,,,,,,,,,,,,,,,,,,,,,,,,,,,,,,,,
,,,,,,,,,,,,,,,,,,,,,,,,,,,,,,,,,,,,,,,,,,,,,,,,,,,,,,,,,,,,,,,,,,,,,,,,,,,,,,,,,,,,,,,,,,,,,,,,,,,,,,,,,,,,,,,,,,,,,,,,,,,,,,,,,,,,,,,,,,,,,,,,,,,,,,,,,,,,,,,,,,,,,,,,,,,,,,,,,,,,,,,,,,,,,,,,,,,,,,,,,,,,,,,,,,,,,,,,,,,,,,,,,,,,,,,,,,,,,,,,,,,,,,,,,,,,,,
12,headset_mono_tx_voice_16000,HEADSET_MONO_TX_16000_OSR_256,0x3,0x0001,0x1,0x80,0x05,0x05,0x1,0x80,0x05,0x00,0x1,0x83,0x0C,0x00,0x1,0x8A,0xF0,0xF0,0x1,0x8A,0xF0,0xF0,0x1,0x86,0xFF,0xAC,0x1,0x87,0xFF,0xAC,0x1,0x8A,0xF0,0xF0,0x1,0x82,0xFF,0x1E,0x1,0xA3,0x01,0x01,0x1,0x93,0xFF,0x00,0x1,0x94,0xFF,0x1B,0x1,0x99,0x0F,0x00,0x1,0x9F,0x03,0x03,0x3,0x0100,0x1,0x0D,0xFF,0xE1,0x1,0x11,0xFF,0xBC,0x1,0x12,0xFF,0xBC,0x1,0x14,0xFF,0x65,0x2,0xbb8,0x1,0x83,0x0C,0x0C,0x1,0x86,0xff,0x05,0x1,0x87,0xff,0x00,0x1,0x8A,0xF0,0xC0,0x3,0x1000,0x1,0x8A,0xF0,0xF0,0x1,0x83,0x0C,0x00,0x3,0x0750,0x1,0x11,0xff,0x00,0x1,0x12,0xff,0xBC,0x1,0x14,0xff,0x64,0x1,0x0D,0xff,0x00,0x3,0x0600,,,,,,,,,,,,,,,,,,,,,,,,,,,,,,,,,,,,,,,,,,,,,,,,,,,,,,,,,,,,,,,,,,,,,,,,,,,,,,,,,,,,,,,,,,,,,,,,,,,,,,,,,,,,,,,,,,,,,,,,,,,,,,,,
,,,,,,,,,,,,,,,,,,,,,,,,,,,,,,,,,,,,,,,,,,,,,,,,,,,,,,,,,,,,,,,,,,,,,,,,,,,,,,,,,,,,,,,,,,,,,,,,,,,,,,,,,,,,,,,,,,,,,,,,,,,,,,,,,,,,,,,,,,,,,,,,,,,,,,,,,,,,,,,,,,,,,,,,,,,,,,,,,,,,,,,,,,,,,,,,,,,,,,,,,,,,,,,,,,,,,,,,,,,,,,,,,,,,,,,,,,,,,,,,,,,,,,,,,,,,,,
,,,ADIE_CODEC_ACTION_STAGE_REACHED,ADIE_CODEC_FLASH_IMAGE,ADIE_CODEC_ACTION_ENTRY,,,,ADIE_CODEC_ACTION_ENTRY,,,,ADIE_CODEC_ACTION_ENTRY,,,,ADIE_CODEC_ACTION_ENTRY,,,,ADIE_CODEC_ACTION_ENTRY,,,,ADIE_CODEC_ACTION_ENTRY,,,,ADIE_CODEC_ACTION_ENTRY,,,,ADIE_CODEC_ACTION_ENTRY,,,,ADIE_CODEC_ACTION_ENTRY,,,,ADIE_CODEC_ACTION_ENTRY,,,,ADIE_CODEC_ACTION_ENTRY,,,,ADIE_CODEC_ACTION_ENTRY,,,,ADIE_CODEC_ACTION_ENTRY,,,,ADIE_CODEC_ACTION_ENTRY,,,,ADIE_CODEC_ACTION_ENTRY,,,,ADIE_CODEC_ACTION_ENTRY,,,,ADIE_CODEC_ACTION_ENTRY,,,,ADIE_CODEC_ACTION_ENTRY,,,,ADIE_CODEC_ACTION_STAGE_REACHED,ADIE_CODEC_DIGITAL_READY,ADIE_CODEC_ACTION_ENTRY,,,,ADIE_CODEC_ACTION_ENTRY,,,,ADIE_CODEC_ACTION_ENTRY,,,,ADIE_CODEC_ACTION_ENTRY,,,,ADIE_CODEC_ACTION_DELAY_WAIT,,ADIE_CODEC_ACTION_ENTRY,,,,ADIE_CODEC_ACTION_ENTRY,,,,ADIE_CODEC_ACTION_ENTRY,,,,ADIE_CODEC_ACTION_ENTRY,,,,ADIE_CODEC_ACTION_STAGE_REACHED,ADIE_CODEC_DIGITAL_ANALOG_READY,ADIE_CODEC_ACTION_ENTRY,,,,ADIE_CODEC_ACTION_ENTRY,,,,ADIE_CODEC_ACTION_STAGE_REACHED,ADIE_CODEC_ANALOG_OFF,ADIE_CODEC_ACTION_ENTRY,,,,ADIE_CODEC_ACTION_ENTRY,,,,ADIE_CODEC_ACTION_ENTRY,,,,ADIE_CODEC_ACTION_ENTRY,,,,ADIE_CODEC_ACTION_STAGE_REACHED,ADIE_CODEC_DIGITAL_OFF,,,,,,,,,,,,,,,,,,,,,,,,,,,,,,,,,,,,,,,,,,,,,,,,,,,,,,,,,,,,,,,,,,,,,,,,,,,,,,,,,,,,,,,,,,,,,,,,,,,,,,,,,,,,,,,,
,,,,,,,,,,,,,,,,,,,,,,,,,,,,,,,,,,,,,,,,,,,,,,,,,,,,,,,,,,,,,,,,,,,,,,,,,,,,,,,,,,,,,,,,,,,,,,,,,,,,,,,,,,,,,,,,,,,,,,,,,,,,,,,,,,,,,,,,,,,,,,,,,,,,,,,,,,,,,,,,,,,,,,,,,,,,,,,,,,,,,,,,,,,,,,,,,,,,,,,,,,,,,,,,,,,,,,,,,,,,,,,,,,,,,,,,,,,,,,,,,,,,,,,,,,,,,,
13,headset_mono_tx_midi_48000,HEADSET_MONO_TX_48000_OSR_256,0x3,0x0001,0x1,0x80,0x05,0x05,0x1,0x80,0x05,0x00,0x1,0x83,0x0C,0x00,0x1,0x8A,0xF0,0xF0,0x1,0x8A,0xF0,0xF0,0x1,0x86,0xFF,0xAC,0x1,0x87,0xFF,0xAC,0x1,0x8A,0xF0,0xF0,0x1,0x82,0xFF,0x1E,0x1,0xA3,0x01,0x01,0x1,0x93,0xFF,0x00,0x1,0x94,0xFF,0x1B,0x1,0x99,0x0F,0x00,0x1,0x9F,0x03,0x03,0x3,0x0100,0x1,0x0D,0xFF,0xC8,0x1,0x11,0xFF,0xBC,0x1,0x12,0xFF,0xBC,0x1,0x14,0xFF,0x65,0x2,0xbb8,0x1,0x83,0x0C,0x0C,0x1,0x86,0xff,0x0C,0x1,0x87,0xff,0x00,0x1,0x8A,0xF0,0xC0,0x3,0x1000,0x1,0x8A,0xF0,0xF0,0x1,0x83,0x0C,0x00,0x3,0x0750,0x1,0x11,0xff,0x00,0x1,0x12,0xff,0xBC,0x1,0x14,0xff,0x64,0x1,0x0D,0xff,0x00,0x3,0x0600,,,,,,,,,,,,,,,,,,,,,,,,,,,,,,,,,,,,,,,,,,,,,,,,,,,,,,,,,,,,,,,,,,,,,,,,,,,,,,,,,,,,,,,,,,,,,,,,,,,,,,,,,,,,,,,,,,,,,,,,,,,,,,,,
,,,,,,,,,,,,,,,,,,,,,,,,,,,,,,,,,,,,,,,,,,,,,,,,,,,,,,,,,,,,,,,,,,,,,,,,,,,,,,,,,,,,,,,,,,,,,,,,,,,,,,,,,,,,,,,,,,,,,,,,,,,,,,,,,,,,,,,,,,,,,,,,,,,,,,,,,,,,,,,,,,,,,,,,,,,,,,,,,,,,,,,,,,,,,,,,,,,,,,,,,,,,,,,,,,,,,,,,,,,,,,,,,,,,,,,,,,,,,,,,,,,,,,,,,,,,,,
14,headset_mono_tx_voice_48000,HEADSET_MONO_TX_48000_OSR_256,0x3,0x0001,0x1,0x80,0x05,0x05,0x1,0x80,0x05,0x00,0x1,0x83,0x0C,0x00,0x1,0x8A,0xF0,0xF0,0x1,0x8A,0xF0,0xF0,0x1,0x86,0xFF,0xAC,0x1,0x87,0xFF,0xAC,0x1,0x8A,0xF0,0xF0,0x1,0x82,0xFF,0x1E,0x1,0xA3,0x01,0x01,0x1,0x93,0xFF,0x00,0x1,0x94,0xFF,0x1B,0x1,0x99,0x0F,0x00,0x1,0x9F,0x03,0x03,0x3,0x0100,0x1,0x0D,0xFF,0xC8,0x1,0x11,0xFF,0xBC,0x1,0x12,0xFF,0xBC,0x1,0x14,0xFF,0x65,0x2,0xbb8,0x1,0x83,0x0C,0x0C,0x1,0x86,0xff,0x0C,0x1,0x87,0xff,0x00,0x1,0x8A,0xF0,0xC0,0x3,0x1000,0x1,0x8A,0xF0,0xF0,0x1,0x83,0x0C,0x00,0x3,0x0750,0x1,0x11,0xff,0x00,0x1,0x12,0xff,0xBC,0x1,0x14,0xff,0x64,0x1,0x0D,0xff,0x00,0x3,0x0600,,,,,,,,,,,,,,,,,,,,,,,,,,,,,,,,,,,,,,,,,,,,,,,,,,,,,,,,,,,,,,,,,,,,,,,,,,,,,,,,,,,,,,,,,,,,,,,,,,,,,,,,,,,,,,,,,,,,,,,,,,,,,,,,
,,,,,,,,,,,,,,,,,,,,,,,,,,,,,,,,,,,,,,,,,,,,,,,,,,,,,,,,,,,,,,,,,,,,,,,,,,,,,,,,,,,,,,,,,,,,,,,,,,,,,,,,,,,,,,,,,,,,,,,,,,,,,,,,,,,,,,,,,,,,,,,,,,,,,,,,,,,,,,,,,,,,,,,,,,,,,,,,,,,,,,,,,,,,,,,,,,,,,,,,,,,,,,,,,,,,,,,,,,,,,,,,,,,,,,,,,,,,,,,,,,,,,,,,,,,,,,
,,,ADIE_CODEC_ACTION_STAGE_REACHED,ADIE_CODEC_FLASH_IMAGE,ADIE_CODEC_ACTION_ENTRY,,,,ADIE_CODEC_ACTION_ENTRY,,,,ADIE_CODEC_ACTION_ENTRY,,,,ADIE_CODEC_ACTION_ENTRY,,,,ADIE_CODEC_ACTION_ENTRY,,,,ADIE_CODEC_ACTION_ENTRY,,,,ADIE_CODEC_ACTION_ENTRY,,,,ADIE_CODEC_ACTION_ENTRY,,,,ADIE_CODEC_ACTION_ENTRY,,,,ADIE_CODEC_ACTION_ENTRY,,,,ADIE_CODEC_ACTION_STAGE_REACHED,ADIE_CODEC_DIGITAL_READY,ADIE_CODEC_ACTION_ENTRY,,,,ADIE_CODEC_ACTION_ENTRY,,,,ADIE_CODEC_ACTION_ENTRY,,,,ADIE_CODEC_ACTION_ENTRY,,,,ADIE_CODEC_ACTION_ENTRY,,,,ADIE_CODEC_ACTION_ENTRY,,,,ADIE_CODEC_ACTION_ENTRY,,,,ADIE_CODEC_ACTION_DELAY_WAIT,,ADIE_CODEC_ACTION_ENTRY,,,,ADIE_CODEC_ACTION_ENTRY,,,,ADIE_CODEC_ACTION_ENTRY,,,,ADIE_CODEC_ACTION_ENTRY,,,,ADIE_CODEC_ACTION_ENTRY,,,,ADIE_CODEC_ACTION_ENTRY,,,,ADIE_CODEC_ACTION_ENTRY,,,,ADIE_CODEC_ACTION_ENTRY,,,,ADIE_CODEC_ACTION_ENTRY,,,,ADIE_CODEC_ACTION_ENTRY,,,,ADIE_CODEC_ACTION_ENTRY,,,,ADIE_CODEC_ACTION_STAGE_REACHED,ADIE_CODEC_DIGITAL_ANALOG_READY,ADIE_CODEC_ACTION_ENTRY,,,,ADIE_CODEC_ACTION_ENTRY,,,,ADIE_CODEC_ACTION_ENTRY,,,,ADIE_CODEC_ACTION_ENTRY,,,,ADIE_CODEC_ACTION_ENTRY,,,,ADIE_CODEC_ACTION_ENTRY,,,,ADIE_CODEC_ACTION_ENTRY,,,,ADIE_CODEC_ACTION_ENTRY,,,,ADIE_CODEC_ACTION_ENTRY,,,,ADIE_CODEC_ACTION_ENTRY,,,,ADIE_CODEC_ACTION_ENTRY,,,,ADIE_CODEC_ACTION_STAGE_REACHED,ADIE_CODEC_ANALOG_OFF,ADIE_CODEC_ACTION_STAGE_REACHED,ADIE_CODEC_DIGITAL_OFF,,,,,,,,,,,,,,,,,,,,,,,,,,,,,,,,,,,,,,,,,,,,,,,,,,,,,,,,,,,,,,,,,,,,,,,,,,,,,,,,,,,,
,,,,,,,,,,,,,,,,,,,,,,,,,,,,,,,,,,,,,,,,,,,,,,,,,,,,,,,,,,,,,,,,,,,,,,,,,,,,,,,,,,,,,,,,,,,,,,,,,,,,,,,,,,,,,,,,,,,,,,,,,,,,,,,,,,,,,,,,,,,,,,,,,,,,,,,,,,,,,,,,,,,,,,,,,,,,,,,,,,,,,,,,,,,,,,,,,,,,,,,,,,,,,,,,,,,,,,,,,,,,,,,,,,,,,,,,,,,,,,,,,,,,,,,,,,,,,,
15,speaker_mono_rx_midi_48000,SPEAKER_RX_48000_OSR_256,0x3,0x0001,0x1,0x80,0x02,0x02,0x1,0x80,0x02,0x00,0x1,0x83,0x03,0x00,0x1,0x8A,0x0F,0x03,0x1,0xA3,0x02,0x02,0x1,0x84,0xFF,0xFD,0x1,0x85,0xFF,0xFD,0x1,0x8A,0x0F,0x0C,0x1,0x81,0xFF,0x0E,0x1,0x83,0x03,0x03,0x3,0x0100,0x1,0x21,0xFF,0x28,0x1,0x22,0xFF,0xA9,0x1,0x26,0xFF,0xD1,0x1,0x24,0x6F,0x6C,0x1,0xB7,0x01,0x01,0x1,0x31,0x01,0x01,0x1,0x32,0xF8,0x08,0x2,0x1388,0x1,0x32,0xF8,0xF8,0x1,0xE0,0xFE,0xAC,0x1,0xE1,0xFE,0xAC,0x1,0x3A,0x24,0x20,0x1,0x3B,0x04,0x04,0x1,0xE0,0xFE,0x3C,0x1,0xE1,0xFE,0x3C,0x1,0xE0,0xFE,0x1C,0x1,0xE1,0xFE,0x1C,0x1,0xE0,0xFE,0x04,0x1,0xE1,0xFE,0x04,0x3,0x1000,0x1,0x8A,0x0F,0x03,0x1,0xE0,0xFE,0x1C,0x1,0xE1,0xFE,0x1C,0x1,0xE0,0xFE,0x3C,0x1,0xE1,0xFE,0x3C,0x1,0xE0,0xFE,0xAC,0x1,0xE1,0xFE,0xAC,0x1,0x32,0xF8,0x00,0x1,0x31,0x05,0x00,0x1,0x3A,0x24,0x00,0x1,0x3B,0x04,0x00,0x3,0x0750,0x3,0x0600,,,,,,,,,,,,,,,,,,,,,,,,,,,,,,,,,,,,,,,,,,,,,,,,,,,,,,,,,,,,,,,,,,,,,,,,,,,,,,,,,,,,
,,,,,,,,,,,,,,,,,,,,,,,,,,,,,,,,,,,,,,,,,,,,,,,,,,,,,,,,,,,,,,,,,,,,,,,,,,,,,,,,,,,,,,,,,,,,,,,,,,,,,,,,,,,,,,,,,,,,,,,,,,,,,,,,,,,,,,,,,,,,,,,,,,,,,,,,,,,,,,,,,,,,,,,,,,,,,,,,,,,,,,,,,,,,,,,,,,,,,,,,,,,,,,,,,,,,,,,,,,,,,,,,,,,,,,,,,,,,,,,,,,,,,,,,,,,,,,
16,speaker_mono_rx_voice_48000,SPEAKER_RX_48000_OSR_256,0x3,0x0001,0x1,0x80,0x02,0x02,0x1,0x80,0x02,0x00,0x1,0x83,0x03,0x00,0x1,0x8A,0x0F,0x03,0x1,0xA3,0x02,0x02,0x1,0x84,0xFF,0x00,0x1,0x85,0xFF,0x07,0x1,0x8A,0x0F,0x0C,0x1,0x81,0xFF,0x0E,0x1,0x83,0x03,0x03,0x3,0x0100,0x1,0x21,0xFF,0x28,0x1,0x22,0xFF,0xA9,0x1,0x26,0xFF,0xD1,0x1,0x24,0x6F,0x6C,0x1,0xB7,0x01,0x01,0x1,0x31,0x01,0x01,0x1,0x32,0xF8,0x08,0x2,0x1388,0x1,0x32,0xF8,0xF8,0x1,0xE0,0xFE,0xAC,0x1,0xE1,0xFE,0xAC,0x1,0x3A,0x24,0x20,0x1,0x3B,0x04,0x04,0x1,0xE0,0xFE,0x3C,0x1,0xE1,0xFE,0x3C,0x1,0xE0,0xFE,0x1C,0x1,0xE1,0xFE,0x1C,0x1,0xE0,0xFE,0x04,0x1,0xE1,0xFE,0x04,0x3,0x1000,0x1,0x8A,0x0F,0x03,0x1,0xE0,0xFE,0x1C,0x1,0xE1,0xFE,0x1C,0x1,0xE0,0xFE,0x3C,0x1,0xE1,0xFE,0x3C,0x1,0xE0,0xFE,0xAC,0x1,0xE1,0xFE,0xAC,0x1,0x32,0xF8,0x00,0x1,0x31,0x05,0x00,0x1,0x3A,0x24,0x00,0x1,0x3B,0x04,0x00,0x3,0x0750,0x3,0x0600,,,,,,,,,,,,,,,,,,,,,,,,,,,,,,,,,,,,,,,,,,,,,,,,,,,,,,,,,,,,,,,,,,,,,,,,,,,,,,,,,,,,
,,,,,,,,,,,,,,,,,,,,,,,,,,,,,,,,,,,,,,,,,,,,,,,,,,,,,,,,,,,,,,,,,,,,,,,,,,,,,,,,,,,,,,,,,,,,,,,,,,,,,,,,,,,,,,,,,,,,,,,,,,,,,,,,,,,,,,,,,,,,,,,,,,,,,,,,,,,,,,,,,,,,,,,,,,,,,,,,,,,,,,,,,,,,,,,,,,,,,,,,,,,,,,,,,,,,,,,,,,,,,,,,,,,,,,,,,,,,,,,,,,,,,,,,,,,,,,
,,,ADIE_CODEC_ACTION_STAGE_REACHED,ADIE_CODEC_FLASH_IMAGE,ADIE_CODEC_ACTION_ENTRY,,,,ADIE_CODEC_ACTION_ENTRY,,,,ADIE_CODEC_ACTION_ENTRY,,,,ADIE_CODEC_ACTION_ENTRY,,,,ADIE_CODEC_ACTION_ENTRY,,,,ADIE_CODEC_ACTION_ENTRY,,,,ADIE_CODEC_ACTION_ENTRY,,,,ADIE_CODEC_ACTION_ENTRY,,,,ADIE_CODEC_ACTION_ENTRY,,,,ADIE_CODEC_ACTION_ENTRY,,,,ADIE_CODEC_ACTION_ENTRY,,,,ADIE_CODEC_ACTION_ENTRY,,,,ADIE_CODEC_ACTION_ENTRY,,,,ADIE_CODEC_ACTION_ENTRY,,,,ADIE_CODEC_ACTION_STAGE_REACHED,ADIE_CODEC_DIGITAL_READY,ADIE_CODEC_ACTION_ENTRY,,,,ADIE_CODEC_ACTION_ENTRY,,,,ADIE_CODEC_ACTION_ENTRY,,,,ADIE_CODEC_ACTION_ENTRY,,,,ADIE_CODEC_ACTION_DELAY_WAIT,,ADIE_CODEC_ACTION_ENTRY,,,,ADIE_CODEC_ACTION_ENTRY,,,,ADIE_CODEC_ACTION_ENTRY,,,,ADIE_CODEC_ACTION_ENTRY,,,,ADIE_CODEC_ACTION_STAGE_REACHED,ADIE_CODEC_DIGITAL_ANALOG_READY,ADIE_CODEC_ACTION_ENTRY,,,,ADIE_CODEC_ACTION_ENTRY,,,,ADIE_CODEC_ACTION_STAGE_REACHED,ADIE_CODEC_ANALOG_OFF,ADIE_CODEC_ACTION_ENTRY,,,,ADIE_CODEC_ACTION_ENTRY,,,,ADIE_CODEC_ACTION_ENTRY,,,,ADIE_CODEC_ACTION_ENTRY,,,,ADIE_CODEC_ACTION_STAGE_REACHED,ADIE_CODEC_DIGITAL_OFF,,,,,,,,,,,,,,,,,,,,,,,,,,,,,,,,,,,,,,,,,,,,,,,,,,,,,,,,,,,,,,,,,,,,,,,,,,,,,,,,,,,,,,,,,,,,,,,,,,,,,,,,,,,,,,,,,,,,,,,,,,,,,,,,
,,,,,,,,,,,,,,,,,,,,,,,,,,,,,,,,,,,,,,,,,,,,,,,,,,,,,,,,,,,,,,,,,,,,,,,,,,,,,,,,,,,,,,,,,,,,,,,,,,,,,,,,,,,,,,,,,,,,,,,,,,,,,,,,,,,,,,,,,,,,,,,,,,,,,,,,,,,,,,,,,,,,,,,,,,,,,,,,,,,,,,,,,,,,,,,,,,,,,,,,,,,,,,,,,,,,,,,,,,,,,,,,,,,,,,,,,,,,,,,,,,,,,,,,,,,,,,
17,speaker_mono_tx_midi_8000,SPEAKER_TX_8000_OSR_256,0x3,0x0001,0x1,0x80,0x05,0x05,0x1,0x80,0x05,0x00,0x1,0x83,0x0C,0x00,0x1,0x8A,0xF0,0xF0,0x1,0x8A,0xF0,0xF0,0x1,0x86,0xFF,0xAC,0x1,0x87,0xFF,0xAC,0x1,0x8A,0xF0,0xF0,0x1,0x82,0xFF,0x1E,0x1,0xA3,0x01,0x01,0x1,0x93,0xFF,0x00,0x1,0x94,0xFF,0x1B,0x1,0x99,0x0F,0x00,0x1,0x9F,0x03,0x03,0x3,0x0100,0x1,0x0D,0xFF,0xE1,0x1,0x11,0xFF,0xBC,0x1,0x12,0xFF,0xBC,0x1,0x14,0xFF,0x65,0x2,0xbb8,0x1,0x83,0x0C,0x0C,0x1,0x86,0xff,0x05,0x1,0x87,0xff,0x00,0x1,0x8A,0xF0,0xC0,0x3,0x1000,0x1,0x8A,0xF0,0xF0,0x1,0x83,0x0C,0x00,0x3,0x0750,0x1,0x11,0xff,0x00,0x1,0x12,0xff,0xBC,0x1,0x14,0xff,0x64,0x1,0x0D,0xff,0x00,0x3,0x0600,,,,,,,,,,,,,,,,,,,,,,,,,,,,,,,,,,,,,,,,,,,,,,,,,,,,,,,,,,,,,,,,,,,,,,,,,,,,,,,,,,,,,,,,,,,,,,,,,,,,,,,,,,,,,,,,,,,,,,,,,,,,,,,,
,,,,,,,,,,,,,,,,,,,,,,,,,,,,,,,,,,,,,,,,,,,,,,,,,,,,,,,,,,,,,,,,,,,,,,,,,,,,,,,,,,,,,,,,,,,,,,,,,,,,,,,,,,,,,,,,,,,,,,,,,,,,,,,,,,,,,,,,,,,,,,,,,,,,,,,,,,,,,,,,,,,,,,,,,,,,,,,,,,,,,,,,,,,,,,,,,,,,,,,,,,,,,,,,,,,,,,,,,,,,,,,,,,,,,,,,,,,,,,,,,,,,,,,,,,,,,,
18,speaker_mono_tx_voice_8000,SPEAKER_TX_8000_OSR_256,0x3,0x0001,0x1,0x80,0x05,0x05,0x1,0x80,0x05,0x00,0x1,0x83,0x0C,0x00,0x1,0x8A,0xF0,0xF0,0x1,0x8A,0xF0,0xF0,0x1,0x86,0xFF,0xAC,0x1,0x87,0xFF,0xAC,0x1,0x8A,0xF0,0xF0,0x1,0x82,0xFF,0x1E,0x1,0xA3,0x01,0x01,0x1,0x93,0xFF,0x00,0x1,0x94,0xFF,0x1B,0x1,0x99,0x0F,0x00,0x1,0x9F,0x03,0x03,0x3,0x0100,0x1,0x0D,0xFF,0xA1,0x1,0x11,0xFF,0xBC,0x1,0x12,0xFF,0xBC,0x1,0x14,0xFF,0x65,0x2,0xbb8,0x1,0x83,0x0C,0x0C,0x1,0x86,0xff,0x05,0x1,0x87,0xff,0x00,0x1,0x8A,0xF0,0xC0,0x3,0x1000,0x1,0x8A,0xF0,0xF0,0x1,0x83,0x0C,0x00,0x3,0x0750,0x1,0x11,0xff,0x00,0x1,0x12,0xff,0xBC,0x1,0x14,0xff,0x64,0x1,0x0D,0xff,0x00,0x3,0x0600,,,,,,,,,,,,,,,,,,,,,,,,,,,,,,,,,,,,,,,,,,,,,,,,,,,,,,,,,,,,,,,,,,,,,,,,,,,,,,,,,,,,,,,,,,,,,,,,,,,,,,,,,,,,,,,,,,,,,,,,,,,,,,,,
,,,,,,,,,,,,,,,,,,,,,,,,,,,,,,,,,,,,,,,,,,,,,,,,,,,,,,,,,,,,,,,,,,,,,,,,,,,,,,,,,,,,,,,,,,,,,,,,,,,,,,,,,,,,,,,,,,,,,,,,,,,,,,,,,,,,,,,,,,,,,,,,,,,,,,,,,,,,,,,,,,,,,,,,,,,,,,,,,,,,,,,,,,,,,,,,,,,,,,,,,,,,,,,,,,,,,,,,,,,,,,,,,,,,,,,,,,,,,,,,,,,,,,,,,,,,,,
,,,ADIE_CODEC_ACTION_STAGE_REACHED,ADIE_CODEC_FLASH_IMAGE,ADIE_CODEC_ACTION_ENTRY,,,,ADIE_CODEC_ACTION_ENTRY,,,,ADIE_CODEC_ACTION_ENTRY,,,,ADIE_CODEC_ACTION_ENTRY,,,,ADIE_CODEC_ACTION_ENTRY,,,,ADIE_CODEC_ACTION_ENTRY,,,,ADIE_CODEC_ACTION_ENTRY,,,,ADIE_CODEC_ACTION_ENTRY,,,,ADIE_CODEC_ACTION_ENTRY,,,,ADIE_CODEC_ACTION_STAGE_REACHED,ADIE_CODEC_DIGITAL_READY,ADIE_CODEC_ACTION_ENTRY,,,,ADIE_CODEC_ACTION_DELAY_WAIT,,ADIE_CODEC_ACTION_ENTRY,,,,ADIE_CODEC_ACTION_ENTRY,,,,ADIE_CODEC_ACTION_ENTRY,,,,ADIE_CODEC_ACTION_ENTRY,,,,ADIE_CODEC_ACTION_ENTRY,,,,ADIE_CODEC_ACTION_STAGE_REACHED,ADIE_CODEC_DIGITAL_ANALOG_READY,ADIE_CODEC_ACTION_ENTRY,,,,ADIE_CODEC_ACTION_ENTRY,,,,ADIE_CODEC_ACTION_ENTRY,,,,ADIE_CODEC_ACTION_STAGE_REACHED,ADIE_CODEC_ANALOG_OFF,ADIE_CODEC_ACTION_ENTRY,,,,ADIE_CODEC_ACTION_STAGE_REACHED,ADIE_CODEC_DIGITAL_OFF,,,,,,,,,,,,,,,,,,,,,,,,,,,,,,,,,,,,,,,,,,,,,,,,,,,,,,,,,,,,,,,,,,,,,,,,,,,,,,,,,,,,,,,,,,,,,,,,,,,,,,,,,,,,,,,,,,,,,,,,,,,,,,,,,,,,,,,,,,,,,,,,,,,,,,,,,,,,,,,,,,,,
,,,,,,,,,,,,,,,,,,,,,,,,,,,,,,,,,,,,,,,,,,,,,,,,,,,,,,,,,,,,,,,,,,,,,,,,,,,,,,,,,,,,,,,,,,,,,,,,,,,,,,,,,,,,,,,,,,,,,,,,,,,,,,,,,,,,,,,,,,,,,,,,,,,,,,,,,,,,,,,,,,,,,,,,,,,,,,,,,,,,,,,,,,,,,,,,,,,,,,,,,,,,,,,,,,,,,,,,,,,,,,,,,,,,,,,,,,,,,,,,,,,,,,,,,,,,,,
19,speaker_mono_tx_voice_16000,SPEAKER_TX_16000_OSR_256,0x3,0x0001,0x1,0x80,0x01,0x01,0x1,0x80,0x01,0x00,0x1,0x8A,0x30,0x30,0x1,0x11,0xfc,0xfc,0x1,0x13,0xfc,0x58,0x1,0x14,0xff,0x65,0x1,0x15,0xff,0x64,0x1,0x82,0xff,0x5E,0x1,0x10,0xFF,0x68,0x3,0x0100,0x1,0x0D,0xFF,0xE1,0x2,0xbb8,0x1,0x83,0x14,0x14,0x1,0x8b,0xff,0xAC,0x1,0x8c,0x03,0x03,0x1,0x86,0xff,0x08,0x1,0x8A,0x50,0x40,0x3,0x1000,0x1,0x8A,0x10,0x30,0x1,0x0D,0xFF,0x00,0x1,0x83,0x14,0x00,0x3,0x0750,0x1,0x11,0xff,0x05,0x3,0x0600,,,,,,,,,,,,,,,,,,,,,,,,,,,,,,,,,,,,,,,,,,,,,,,,,,,,,,,,,,,,,,,,,,,,,,,,,,,,,,,,,,,,,,,,,,,,,,,,,,,,,,,,,,,,,,,,,,,,,,,,,,,,,,,,,,,,,,,,,,,,,,,,,,,,,,,,,,,,,,,,,,,,
,,,,,,,,,,,,,,,,,,,,,,,,,,,,,,,,,,,,,,,,,,,,,,,,,,,,,,,,,,,,,,,,,,,,,,,,,,,,,,,,,,,,,,,,,,,,,,,,,,,,,,,,,,,,,,,,,,,,,,,,,,,,,,,,,,,,,,,,,,,,,,,,,,,,,,,,,,,,,,,,,,,,,,,,,,,,,,,,,,,,,,,,,,,,,,,,,,,,,,,,,,,,,,,,,,,,,,,,,,,,,,,,,,,,,,,,,,,,,,,,,,,,,,,,,,,,,,
,,,ADIE_CODEC_ACTION_STAGE_REACHED,ADIE_CODEC_FLASH_IMAGE,ADIE_CODEC_ACTION_ENTRY,,,,ADIE_CODEC_ACTION_ENTRY,,,,ADIE_CODEC_ACTION_ENTRY,,,,ADIE_CODEC_ACTION_ENTRY,,,,ADIE_CODEC_ACTION_ENTRY,,,,ADIE_CODEC_ACTION_ENTRY,,,,ADIE_CODEC_ACTION_ENTRY,,,,ADIE_CODEC_ACTION_ENTRY,,,,ADIE_CODEC_ACTION_ENTRY,,,,ADIE_CODEC_ACTION_ENTRY,,,,ADIE_CODEC_ACTION_ENTRY,,,,ADIE_CODEC_ACTION_ENTRY,,,,ADIE_CODEC_ACTION_ENTRY,,,,ADIE_CODEC_ACTION_ENTRY,,,,ADIE_CODEC_ACTION_STAGE_REACHED,ADIE_CODEC_DIGITAL_READY,ADIE_CODEC_ACTION_ENTRY,,,,ADIE_CODEC_ACTION_ENTRY,,,,ADIE_CODEC_ACTION_ENTRY,,,,ADIE_CODEC_ACTION_ENTRY,,,,ADIE_CODEC_ACTION_DELAY_WAIT,,ADIE_CODEC_ACTION_ENTRY,,,,ADIE_CODEC_ACTION_ENTRY,,,,ADIE_CODEC_ACTION_ENTRY,,,,ADIE_CODEC_ACTION_ENTRY,,,,ADIE_CODEC_ACTION_STAGE_REACHED,ADIE_CODEC_DIGITAL_ANALOG_READY,ADIE_CODEC_ACTION_ENTRY,,,,ADIE_CODEC_ACTION_ENTRY,,,,ADIE_CODEC_ACTION_STAGE_REACHED,ADIE_CODEC_ANALOG_OFF,ADIE_CODEC_ACTION_ENTRY,,,,ADIE_CODEC_ACTION_ENTRY,,,,ADIE_CODEC_ACTION_ENTRY,,,,ADIE_CODEC_ACTION_ENTRY,,,,ADIE_CODEC_ACTION_STAGE_REACHED,ADIE_CODEC_DIGITAL_OFF,,,,,,,,,,,,,,,,,,,,,,,,,,,,,,,,,,,,,,,,,,,,,,,,,,,,,,,,,,,,,,,,,,,,,,,,,,,,,,,,,,,,,,,,,,,,,,,,,,,,,,,,,,,,,,,,,,,,,,,,,,,,,,,,
,,,,,,,,,,,,,,,,,,,,,,,,,,,,,,,,,,,,,,,,,,,,,,,,,,,,,,,,,,,,,,,,,,,,,,,,,,,,,,,,,,,,,,,,,,,,,,,,,,,,,,,,,,,,,,,,,,,,,,,,,,,,,,,,,,,,,,,,,,,,,,,,,,,,,,,,,,,,,,,,,,,,,,,,,,,,,,,,,,,,,,,,,,,,,,,,,,,,,,,,,,,,,,,,,,,,,,,,,,,,,,,,,,,,,,,,,,,,,,,,,,,,,,,,,,,,,,
20,speaker_mono_tx_midi_48000,SPEAKER_TX_48000_OSR_256,0x3,0x0001,0x1,0x80,0x05,0x05,0x1,0x80,0x05,0x00,0x1,0x83,0x0C,0x00,0x1,0x8A,0xF0,0xF0,0x1,0x8A,0xF0,0xF0,0x1,0x86,0xFF,0xAC,0x1,0x87,0xFF,0xB1,0x1,0x8A,0xF0,0xF0,0x1,0x82,0xFF,0x1E,0x1,0xA3,0x01,0x01,0x1,0x93,0xFF,0x00,0x1,0x94,0xFF,0x1B,0x1,0x99,0x0F,0x00,0x1,0x9F,0x03,0x03,0x3,0x0100,0x1,0x0D,0xFF,0xD0,0x1,0x11,0xFF,0xBC,0x1,0x12,0xFF,0xBC,0x1,0x14,0xFF,0x65,0x2,0xbb8,0x1,0x83,0x0C,0x0C,0x1,0x86,0xff,0x0C,0x1,0x87,0xff,0x00,0x1,0x8A,0xF0,0xC0,0x3,0x1000,0x1,0x8A,0xF0,0xF0,0x1,0x83,0x0C,0x00,0x3,0x0750,0x1,0x11,0xff,0x00,0x1,0x12,0xff,0xBC,0x1,0x14,0xff,0x64,0x1,0x0D,0xff,0x00,0x3,0x0600,,,,,,,,,,,,,,,,,,,,,,,,,,,,,,,,,,,,,,,,,,,,,,,,,,,,,,,,,,,,,,,,,,,,,,,,,,,,,,,,,,,,,,,,,,,,,,,,,,,,,,,,,,,,,,,,,,,,,,,,,,,,,,,,
,,,,,,,,,,,,,,,,,,,,,,,,,,,,,,,,,,,,,,,,,,,,,,,,,,,,,,,,,,,,,,,,,,,,,,,,,,,,,,,,,,,,,,,,,,,,,,,,,,,,,,,,,,,,,,,,,,,,,,,,,,,,,,,,,,,,,,,,,,,,,,,,,,,,,,,,,,,,,,,,,,,,,,,,,,,,,,,,,,,,,,,,,,,,,,,,,,,,,,,,,,,,,,,,,,,,,,,,,,,,,,,,,,,,,,,,,,,,,,,,,,,,,,,,,,,,,,
21,speaker_mono_tx_voice_48000,SPEAKER_TX_48000_OSR_256,0x3,0x0001,0x1,0x80,0x05,0x05,0x1,0x80,0x05,0x00,0x1,0x83,0x0C,0x00,0x1,0x8A,0xF0,0xF0,0x1,0x8A,0xF0,0xF0,0x1,0x86,0xFF,0xAC,0x1,0x87,0xFF,0xB1,0x1,0x8A,0xF0,0xF0,0x1,0x82,0xFF,0x1E,0x1,0xA3,0x01,0x01,0x1,0x93,0xFF,0x00,0x1,0x94,0xFF,0x1B,0x1,0x99,0x0F,0x00,0x1,0x9F,0x03,0x03,0x3,0x0100,0x1,0x0D,0xFF,0xD0,0x1,0x11,0xFF,0xFC,0x1,0x12,0xFF,0xFC,0x1,0x14,0xFF,0x65,0x2,0xbb8,0x1,0x83,0x0C,0x0C,0x1,0x86,0xff,0x00,0x1,0x87,0xff,0x00,0x1,0x8A,0xF0,0xC0,0x3,0x1000,0x1,0x8A,0xF0,0xF0,0x1,0x83,0x0C,0x00,0x3,0x0750,0x1,0x11,0xff,0x00,0x1,0x12,0xff,0xBC,0x1,0x14,0xff,0x64,0x1,0x0D,0xff,0x00,0x3,0x0600,,,,,,,,,,,,,,,,,,,,,,,,,,,,,,,,,,,,,,,,,,,,,,,,,,,,,,,,,,,,,,,,,,,,,,,,,,,,,,,,,,,,,,,,,,,,,,,,,,,,,,,,,,,,,,,,,,,,,,,,,,,,,,,,
,,,,,,,,,,,,,,,,,,,,,,,,,,,,,,,,,,,,,,,,,,,,,,,,,,,,,,,,,,,,,,,,,,,,,,,,,,,,,,,,,,,,,,,,,,,,,,,,,,,,,,,,,,,,,,,,,,,,,,,,,,,,,,,,,,,,,,,,,,,,,,,,,,,,,,,,,,,,,,,,,,,,,,,,,,,,,,,,,,,,,,,,,,,,,,,,,,,,,,,,,,,,,,,,,,,,,,,,,,,,,,,,,,,,,,,,,,,,,,,,,,,,,,,,,,,,,,
,,,ADIE_CODEC_ACTION_STAGE_REACHED,ADIE_CODEC_FLASH_IMAGE,ADIE_CODEC_ACTION_ENTRY,,,,ADIE_CODEC_ACTION_ENTRY,,,,ADIE_CODEC_ACTION_STAGE_REACHED,ADIE_CODEC_DIGITAL_READY,ADIE_CODEC_ACTION_ENTRY,,,,ADIE_CODEC_ACTION_ENTRY,,,,ADIE_CODEC_ACTION_ENTRY,,,,ADIE_CODEC_ACTION_ENTRY,,,,ADIE_CODEC_ACTION_ENTRY,,,,ADIE_CODEC_ACTION_ENTRY,,,,ADIE_CODEC_ACTION_ENTRY,,,,ADIE_CODEC_ACTION_ENTRY,,,,ADIE_CODEC_ACTION_ENTRY,,,,ADIE_CODEC_ACTION_ENTRY,,,,ADIE_CODEC_ACTION_ENTRY,,,,ADIE_CODEC_ACTION_ENTRY,,,,ADIE_CODEC_ACTION_ENTRY,,,,ADIE_CODEC_ACTION_ENTRY,,,,ADIE_CODEC_ACTION_ENTRY,,,,ADIE_CODEC_ACTION_ENTRY,,,,ADIE_CODEC_ACTION_STAGE_REACHED,ADIE_CODEC_DIGITAL_ANALOG_READY,ADIE_CODEC_ACTION_ENTRY,,,,ADIE_CODEC_ACTION_ENTRY,,,,ADIE_CODEC_ACTION_ENTRY,,,,ADIE_CODEC_ACTION_ENTRY,,,,ADIE_CODEC_ACTION_STAGE_REACHED,ADIE_CODEC_ANALOG_OFF,ADIE_CODEC_ACTION_ENTRY,,,,ADIE_CODEC_ACTION_STAGE_REACHED,ADIE_CODEC_DIGITAL_OFF,,,,,,,,,,,,,,,,,,,,,,,,,,,,,,,,,,,,,,,,,,,,,,,,,,,,,,,,,,,,,,,,,,,,,,,,,,,,,,,,,,,,,,,,,,,,,,,,,,,,,,,,,,,,,,,,,,,,,,,,,,,,,,,,,,,,,,,,,,,,,,,,,,,,,,
,,,,,,,,,,,,,,,,,,,,,,,,,,,,,,,,,,,,,,,,,,,,,,,,,,,,,,,,,,,,,,,,,,,,,,,,,,,,,,,,,,,,,,,,,,,,,,,,,,,,,,,,,,,,,,,,,,,,,,,,,,,,,,,,,,,,,,,,,,,,,,,,,,,,,,,,,,,,,,,,,,,,,,,,,,,,,,,,,,,,,,,,,,,,,,,,,,,,,,,,,,,,,,,,,,,,,,,,,,,,,,,,,,,,,,,,,,,,,,,,,,,,,,,,,,,,,,
22,tty_headset_mono_rx_voice_8000,TTY_HEADSET_RX_CAPLESS_8000_OSR_256,0x3,0x0001,0x1,0x80,0x02,0x02,0x1,0x80,0x02,0x00,0x3,0x0100,0x1,0x81,0xFF,0x4e,0x1,0x04,0xff,0xBC,0x1,0x24,0x6F,0x64,0x1,0x25,0x0F,0x0B,0x1,0x26,0xfc,0xfc,0x1,0x38,0xff,0x82,0x1,0x3A,0xFF,0xeb,0x1,0x83,0x23,0x23,0x1,0x33,0x80,0x80,0x1,0x34,0xF0,0xF0,0x1,0x23,0xff,0x20,0x1,0x3B,0xFF,0x04,0x1,0x3c,0xFF,0x04,0x1,0x84,0xff,0x00,0x1,0x85,0xff,0x00,0x1,0x8A,0x0f,0x0c,0x3,0x1000,0x1,0x8a,0x03,0x03,0x1,0x3b,0xFF,0x9C,0x1,0x3c,0xFF,0x9C,0x1,0x34,0xf0,0x00,0x3,0x0750,0x1,0x33,0x80,0x00,0x3,0x0600,,,,,,,,,,,,,,,,,,,,,,,,,,,,,,,,,,,,,,,,,,,,,,,,,,,,,,,,,,,,,,,,,,,,,,,,,,,,,,,,,,,,,,,,,,,,,,,,,,,,,,,,,,,,,,,,,,,,,,,,,,,,,,,,,,,,,,,,,,,,,,,,,,,,,,
,,,,,,,,,,,,,,,,,,,,,,,,,,,,,,,,,,,,,,,,,,,,,,,,,,,,,,,,,,,,,,,,,,,,,,,,,,,,,,,,,,,,,,,,,,,,,,,,,,,,,,,,,,,,,,,,,,,,,,,,,,,,,,,,,,,,,,,,,,,,,,,,,,,,,,,,,,,,,,,,,,,,,,,,,,,,,,,,,,,,,,,,,,,,,,,,,,,,,,,,,,,,,,,,,,,,,,,,,,,,,,,,,,,,,,,,,,,,,,,,,,,,,,,,,,,,,,
,,,ADIE_CODEC_ACTION_STAGE_REACHED,ADIE_CODEC_FLASH_IMAGE,ADIE_CODEC_ACTION_ENTRY,,,,ADIE_CODEC_ACTION_ENTRY,,,,ADIE_CODEC_ACTION_ENTRY,,,,ADIE_CODEC_ACTION_ENTRY,,,,ADIE_CODEC_ACTION_ENTRY,,,,ADIE_CODEC_ACTION_ENTRY,,,,ADIE_CODEC_ACTION_ENTRY,,,,ADIE_CODEC_ACTION_ENTRY,,,,ADIE_CODEC_ACTION_ENTRY,,,,ADIE_CODEC_ACTION_ENTRY,,,,ADIE_CODEC_ACTION_STAGE_REACHED,ADIE_CODEC_DIGITAL_READY,ADIE_CODEC_ACTION_ENTRY,,,,ADIE_CODEC_ACTION_ENTRY,,,,ADIE_CODEC_ACTION_ENTRY,,,,ADIE_CODEC_ACTION_ENTRY,,,,ADIE_CODEC_ACTION_ENTRY,,,,ADIE_CODEC_ACTION_ENTRY,,,,ADIE_CODEC_ACTION_ENTRY,,,,ADIE_CODEC_ACTION_ENTRY,,,,ADIE_CODEC_ACTION_DELAY_WAIT,,ADIE_CODEC_ACTION_ENTRY,,,,ADIE_CODEC_ACTION_ENTRY,,,,ADIE_CODEC_ACTION_ENTRY,,,,ADIE_CODEC_ACTION_ENTRY,,,,ADIE_CODEC_ACTION_ENTRY,,,,ADIE_CODEC_ACTION_ENTRY,,,,ADIE_CODEC_ACTION_ENTRY,,,,ADIE_CODEC_ACTION_ENTRY,,,,ADIE_CODEC_ACTION_ENTRY,,,,ADIE_CODEC_ACTION_ENTRY,,,,ADIE_CODEC_ACTION_ENTRY,,,,ADIE_CODEC_ACTION_ENTRY,,,,ADIE_CODEC_ACTION_STAGE_REACHED,ADIE_CODEC_DIGITAL_ANALOG_READY,ADIE_CODEC_ACTION_ENTRY,,,,ADIE_CODEC_ACTION_ENTRY,,,,ADIE_CODEC_ACTION_ENTRY,,,,ADIE_CODEC_ACTION_ENTRY,,,,ADIE_CODEC_ACTION_ENTRY,,,,ADIE_CODEC_ACTION_ENTRY,,,,ADIE_CODEC_ACTION_ENTRY,,,,ADIE_CODEC_ACTION_ENTRY,,,,ADIE_CODEC_ACTION_ENTRY,,,,ADIE_CODEC_ACTION_ENTRY,,,,ADIE_CODEC_ACTION_STAGE_REACHED,ADIE_CODEC_ANALOG_OFF,ADIE_CODEC_ACTION_STAGE_REACHED,ADIE_CODEC_DIGITAL_OFF,,,,,,,,,,,,,,,,,,,,,,,,,,,,,,,,,,,,,,,,,,,,,,,,,,,,,,,,,,,,,,,,,,,,,,,,,,,,,,,,
,,,,,,,,,,,,,,,,,,,,,,,,,,,,,,,,,,,,,,,,,,,,,,,,,,,,,,,,,,,,,,,,,,,,,,,,,,,,,,,,,,,,,,,,,,,,,,,,,,,,,,,,,,,,,,,,,,,,,,,,,,,,,,,,,,,,,,,,,,,,,,,,,,,,,,,,,,,,,,,,,,,,,,,,,,,,,,,,,,,,,,,,,,,,,,,,,,,,,,,,,,,,,,,,,,,,,,,,,,,,,,,,,,,,,,,,,,,,,,,,,,,,,,,,,,,,,,
23,tty_headset_mono_rx_voice_48000,TTY_HEADSET_RX_CAPLESS_48000_OSR_256,0x3,0x0001,0x1,0x80,0x02,0x02,0x1,0x80,0x02,0x00,0x1,0x83,0x03,0x00,0x1,0x8A,0x0F,0x03,0x1,0xA3,0x02,0x02,0x1,0x84,0xFF,0xF8,0x1,0x85,0xFF,0xF8,0x1,0x8A,0x0F,0x0C,0x1,0x81,0xFF,0x3E,0x1,0x83,0x03,0x03,0x3,0x0100,0x1,0x21,0xFF,0x28,0x1,0x22,0xFF,0xA9,0x1,0x26,0xFF,0xD1,0x1,0x24,0x6F,0x6C,0x1,0xB7,0x01,0x01,0x1,0x31,0xFF,0x04,0x1,0x31,0xFF,0x55,0x1,0x4C,0xFE,0xCA,0x2,0xbb8,0x1,0x31,0xFF,0xF5,0x1,0x4C,0xFE,0xC8,0x1,0xE2,0xFE,0xAC,0x1,0xE3,0xFE,0xAC,0x1,0x3C,0x27,0x20,0x1,0x3D,0x27,0x20,0x1,0xE2,0xFE,0x3C,0x1,0xE3,0xFE,0x3C,0x1,0xE2,0xFE,0x1C,0x1,0xE3,0xFE,0x1C,0x1,0xE2,0xFE,0x24,0x1,0xE3,0xFE,0x24,0x3,0x1000,0x1,0x8A,0x0F,0x03,0x1,0xE2,0xFE,0x1C,0x1,0xE3,0xFE,0x1C,0x1,0xE2,0xFE,0x3C,0x1,0xE3,0xFE,0x3C,0x1,0xE2,0xFE,0xAC,0x1,0xE3,0xFE,0xAC,0x1,0x3C,0x27,0x00,0x1,0x3D,0x04,0x00,0x1,0x31,0xFF,0x00,0x3,0x0750,0x3,0x0600,,,,,,,,,,,,,,,,,,,,,,,,,,,,,,,,,,,,,,,,,,,,,,,,,,,,,,,,,,,,,,,,,,,,,,,,,,,,,,,,
,,,,,,,,,,,,,,,,,,,,,,,,,,,,,,,,,,,,,,,,,,,,,,,,,,,,,,,,,,,,,,,,,,,,,,,,,,,,,,,,,,,,,,,,,,,,,,,,,,,,,,,,,,,,,,,,,,,,,,,,,,,,,,,,,,,,,,,,,,,,,,,,,,,,,,,,,,,,,,,,,,,,,,,,,,,,,,,,,,,,,,,,,,,,,,,,,,,,,,,,,,,,,,,,,,,,,,,,,,,,,,,,,,,,,,,,,,,,,,,,,,,,,,,,,,,,,,
,,,ADIE_CODEC_ACTION_STAGE_REACHED,ADIE_CODEC_FLASH_IMAGE,ADIE_CODEC_ACTION_ENTRY,,,,ADIE_CODEC_ACTION_ENTRY,,,,ADIE_CODEC_ACTION_ENTRY,,,,ADIE_CODEC_ACTION_ENTRY,,,,ADIE_CODEC_ACTION_ENTRY,,,,ADIE_CODEC_ACTION_ENTRY,,,,ADIE_CODEC_ACTION_ENTRY,,,,ADIE_CODEC_ACTION_ENTRY,,,,ADIE_CODEC_ACTION_ENTRY,,,,ADIE_CODEC_ACTION_ENTRY,,,,ADIE_CODEC_ACTION_ENTRY,,,,ADIE_CODEC_ACTION_ENTRY,,,,ADIE_CODEC_ACTION_ENTRY,,,,ADIE_CODEC_ACTION_ENTRY,,,,ADIE_CODEC_ACTION_STAGE_REACHED,ADIE_CODEC_DIGITAL_READY,ADIE_CODEC_ACTION_ENTRY,,,,ADIE_CODEC_ACTION_ENTRY,,,,ADIE_CODEC_ACTION_ENTRY,,,,ADIE_CODEC_ACTION_ENTRY,,,,ADIE_CODEC_ACTION_DELAY_WAIT,,ADIE_CODEC_ACTION_ENTRY,,,,ADIE_CODEC_ACTION_ENTRY,,,,ADIE_CODEC_ACTION_ENTRY,,,,ADIE_CODEC_ACTION_ENTRY,,,,ADIE_CODEC_ACTION_STAGE_REACHED,ADIE_CODEC_DIGITAL_ANALOG_READY,ADIE_CODEC_ACTION_ENTRY,,,,ADIE_CODEC_ACTION_ENTRY,,,,ADIE_CODEC_ACTION_STAGE_REACHED,ADIE_CODEC_ANALOG_OFF,ADIE_CODEC_ACTION_ENTRY,,,,ADIE_CODEC_ACTION_ENTRY,,,,ADIE_CODEC_ACTION_ENTRY,,,,ADIE_CODEC_ACTION_ENTRY,,,,ADIE_CODEC_ACTION_STAGE_REACHED,ADIE_CODEC_DIGITAL_OFF,,,,,,,,,,,,,,,,,,,,,,,,,,,,,,,,,,,,,,,,,,,,,,,,,,,,,,,,,,,,,,,,,,,,,,,,,,,,,,,,,,,,,,,,,,,,,,,,,,,,,,,,,,,,,,,,,,,,,,,,,,,,,,,,
,,,,,,,,,,,,,,,,,,,,,,,,,,,,,,,,,,,,,,,,,,,,,,,,,,,,,,,,,,,,,,,,,,,,,,,,,,,,,,,,,,,,,,,,,,,,,,,,,,,,,,,,,,,,,,,,,,,,,,,,,,,,,,,,,,,,,,,,,,,,,,,,,,,,,,,,,,,,,,,,,,,,,,,,,,,,,,,,,,,,,,,,,,,,,,,,,,,,,,,,,,,,,,,,,,,,,,,,,,,,,,,,,,,,,,,,,,,,,,,,,,,,,,,,,,,,,,
24,tty_headset_mono_tx_voice_8000,TTY_HEADSET_MONO_TX_8000_OSR_256,0x3,0x0001,0x1,0x80,0x05,0x05,0x1,0x80,0x05,0x00,0x1,0x83,0x0C,0x00,0x1,0x8A,0xF0,0xF0,0x1,0x8A,0xF0,0xF0,0x1,0x86,0xFF,0xAC,0x1,0x87,0xFF,0xAC,0x1,0x8A,0xF0,0xF0,0x1,0x82,0xFF,0x1E,0x1,0xA3,0x01,0x01,0x1,0x93,0xFF,0x00,0x1,0x94,0xFF,0x1B,0x1,0x99,0x0F,0x00,0x1,0x9F,0x03,0x03,0x3,0x0100,0x1,0x0D,0xFF,0xE1,0x1,0x11,0xFF,0xBC,0x1,0x12,0xFF,0xBC,0x1,0x14,0xFF,0x65,0x2,0xbb8,0x1,0x83,0x0C,0x0C,0x1,0x86,0xff,0x05,0x1,0x87,0xff,0x00,0x1,0x8A,0xF0,0xC0,0x3,0x1000,0x1,0x8A,0xF0,0xF0,0x1,0x83,0x0C,0x00,0x3,0x0750,0x1,0x11,0xff,0x00,0x1,0x12,0xff,0xBC,0x1,0x14,0xff,0x64,0x1,0x0D,0xff,0x00,0x3,0x0600,,,,,,,,,,,,,,,,,,,,,,,,,,,,,,,,,,,,,,,,,,,,,,,,,,,,,,,,,,,,,,,,,,,,,,,,,,,,,,,,,,,,,,,,,,,,,,,,,,,,,,,,,,,,,,,,,,,,,,,,,,,,,,,,
,,,,,,,,,,,,,,,,,,,,,,,,,,,,,,,,,,,,,,,,,,,,,,,,,,,,,,,,,,,,,,,,,,,,,,,,,,,,,,,,,,,,,,,,,,,,,,,,,,,,,,,,,,,,,,,,,,,,,,,,,,,,,,,,,,,,,,,,,,,,,,,,,,,,,,,,,,,,,,,,,,,,,,,,,,,,,,,,,,,,,,,,,,,,,,,,,,,,,,,,,,,,,,,,,,,,,,,,,,,,,,,,,,,,,,,,,,,,,,,,,,,,,,,,,,,,,,
,,,ADIE_CODEC_ACTION_STAGE_REACHED,ADIE_CODEC_FLASH_IMAGE,ADIE_CODEC_ACTION_ENTRY,,,,ADIE_CODEC_ACTION_ENTRY,,,,ADIE_CODEC_ACTION_ENTRY,,,,ADIE_CODEC_ACTION_ENTRY,,,,ADIE_CODEC_ACTION_ENTRY,,,,ADIE_CODEC_ACTION_ENTRY,,,,ADIE_CODEC_ACTION_ENTRY,,,,ADIE_CODEC_ACTION_ENTRY,,,,ADIE_CODEC_ACTION_ENTRY,,,,ADIE_CODEC_ACTION_ENTRY,,,,ADIE_CODEC_ACTION_ENTRY,,,,ADIE_CODEC_ACTION_ENTRY,,,,ADIE_CODEC_ACTION_ENTRY,,,,ADIE_CODEC_ACTION_ENTRY,,,,ADIE_CODEC_ACTION_STAGE_REACHED,ADIE_CODEC_DIGITAL_READY,ADIE_CODEC_ACTION_ENTRY,,,,ADIE_CODEC_ACTION_ENTRY,,,,ADIE_CODEC_ACTION_ENTRY,,,,ADIE_CODEC_ACTION_ENTRY,,,,ADIE_CODEC_ACTION_DELAY_WAIT,,ADIE_CODEC_ACTION_ENTRY,,,,ADIE_CODEC_ACTION_ENTRY,,,,ADIE_CODEC_ACTION_ENTRY,,,,ADIE_CODEC_ACTION_ENTRY,,,,ADIE_CODEC_ACTION_STAGE_REACHED,ADIE_CODEC_DIGITAL_ANALOG_READY,ADIE_CODEC_ACTION_ENTRY,,,,ADIE_CODEC_ACTION_ENTRY,,,,ADIE_CODEC_ACTION_STAGE_REACHED,ADIE_CODEC_ANALOG_OFF,ADIE_CODEC_ACTION_ENTRY,,,,ADIE_CODEC_ACTION_ENTRY,,,,ADIE_CODEC_ACTION_ENTRY,,,,ADIE_CODEC_ACTION_ENTRY,,,,ADIE_CODEC_ACTION_STAGE_REACHED,ADIE_CODEC_DIGITAL_OFF,,,,,,,,,,,,,,,,,,,,,,,,,,,,,,,,,,,,,,,,,,,,,,,,,,,,,,,,,,,,,,,,,,,,,,,,,,,,,,,,,,,,,,,,,,,,,,,,,,,,,,,,,,,,,,,,,,,,,,,,,,,,,,,,
,,,,,,,,,,,,,,,,,,,,,,,,,,,,,,,,,,,,,,,,,,,,,,,,,,,,,,,,,,,,,,,,,,,,,,,,,,,,,,,,,,,,,,,,,,,,,,,,,,,,,,,,,,,,,,,,,,,,,,,,,,,,,,,,,,,,,,,,,,,,,,,,,,,,,,,,,,,,,,,,,,,,,,,,,,,,,,,,,,,,,,,,,,,,,,,,,,,,,,,,,,,,,,,,,,,,,,,,,,,,,,,,,,,,,,,,,,,,,,,,,,,,,,,,,,,,,,
25,tty_headset_mono_tx_voice_16000,TTY_HEADSET_MONO_TX_16000_OSR_256,0x3,0x0001,0x1,0x80,0x05,0x05,0x1,0x80,0x05,0x00,0x1,0x83,0x0C,0x00,0x1,0x8A,0xF0,0xF0,0x1,0x8A,0xF0,0xF0,0x1,0x86,0xFF,0xAC,0x1,0x87,0xFF,0xAC,0x1,0x8A,0xF0,0xF0,0x1,0x82,0xFF,0x1E,0x1,0xA3,0x01,0x01,0x1,0x93,0xFF,0x00,0x1,0x94,0xFF,0x1B,0x1,0x99,0x0F,0x00,0x1,0x9F,0x03,0x03,0x3,0x0100,0x1,0x0D,0xFF,0xE1,0x1,0x11,0xFF,0xBC,0x1,0x12,0xFF,0xBC,0x1,0x14,0xFF,0x65,0x2,0xbb8,0x1,0x83,0x0C,0x0C,0x1,0x86,0xff,0x05,0x1,0x87,0xff,0x00,0x1,0x8A,0xF0,0xC0,0x3,0x1000,0x1,0x8A,0xF0,0xF0,0x1,0x83,0x0C,0x00,0x3,0x0750,0x1,0x11,0xff,0x00,0x1,0x12,0xff,0xBC,0x1,0x14,0xff,0x64,0x1,0x0D,0xff,0x00,0x3,0x0600,,,,,,,,,,,,,,,,,,,,,,,,,,,,,,,,,,,,,,,,,,,,,,,,,,,,,,,,,,,,,,,,,,,,,,,,,,,,,,,,,,,,,,,,,,,,,,,,,,,,,,,,,,,,,,,,,,,,,,,,,,,,,,,,
,,,,,,,,,,,,,,,,,,,,,,,,,,,,,,,,,,,,,,,,,,,,,,,,,,,,,,,,,,,,,,,,,,,,,,,,,,,,,,,,,,,,,,,,,,,,,,,,,,,,,,,,,,,,,,,,,,,,,,,,,,,,,,,,,,,,,,,,,,,,,,,,,,,,,,,,,,,,,,,,,,,,,,,,,,,,,,,,,,,,,,,,,,,,,,,,,,,,,,,,,,,,,,,,,,,,,,,,,,,,,,,,,,,,,,,,,,,,,,,,,,,,,,,,,,,,,,
,,,ADIE_CODEC_ACTION_STAGE_REACHED,ADIE_CODEC_FLASH_IMAGE,ADIE_CODEC_ACTION_ENTRY,,,,ADIE_CODEC_ACTION_ENTRY,,,,ADIE_CODEC_ACTION_ENTRY,,,,ADIE_CODEC_ACTION_ENTRY,,,,ADIE_CODEC_ACTION_ENTRY,,,,ADIE_CODEC_ACTION_ENTRY,,,,ADIE_CODEC_ACTION_ENTRY,,,,ADIE_CODEC_ACTION_ENTRY,,,,ADIE_CODEC_ACTION_ENTRY,,,,ADIE_CODEC_ACTION_ENTRY,,,,ADIE_CODEC_ACTION_STAGE_REACHED,ADIE_CODEC_DIGITAL_READY,ADIE_CODEC_ACTION_ENTRY,,,,ADIE_CODEC_ACTION_ENTRY,,,,ADIE_CODEC_ACTION_ENTRY,,,,ADIE_CODEC_ACTION_ENTRY,,,,ADIE_CODEC_ACTION_ENTRY,,,,ADIE_CODEC_ACTION_ENTRY,,,,ADIE_CODEC_ACTION_ENTRY,,,,ADIE_CODEC_ACTION_ENTRY,,,,ADIE_CODEC_ACTION_ENTRY,,,,ADIE_CODEC_ACTION_ENTRY,,,,ADIE_CODEC_ACTION_ENTRY,,,,ADIE_CODEC_ACTION_ENTRY,,,,ADIE_CODEC_ACTION_DELAY_WAIT,,ADIE_CODEC_ACTION_ENTRY,,,,ADIE_CODEC_ACTION_ENTRY,,,,ADIE_CODEC_ACTION_ENTRY,,,,ADIE_CODEC_ACTION_ENTRY,,,,ADIE_CODEC_ACTION_ENTRY,,,,ADIE_CODEC_ACTION_ENTRY,,,,ADIE_CODEC_ACTION_ENTRY,,,,ADIE_CODEC_ACTION_ENTRY,,,,ADIE_CODEC_ACTION_ENTRY,,,,ADIE_CODEC_ACTION_ENTRY,,,,ADIE_CODEC_ACTION_ENTRY,,,,ADIE_CODEC_ACTION_ENTRY,,,,ADIE_CODEC_ACTION_ENTRY,,,,ADIE_CODEC_ACTION_ENTRY,,,,ADIE_CODEC_ACTION_ENTRY,,,,ADIE_CODEC_ACTION_ENTRY,,,,ADIE_CODEC_ACTION_ENTRY,,,,ADIE_CODEC_ACTION_STAGE_REACHED,ADIE_CODEC_DIGITAL_ANALOG_READY,ADIE_CODEC_ACTION_ENTRY,,,,ADIE_CODEC_ACTION_ENTRY,,,,ADIE_CODEC_ACTION_ENTRY,,,,ADIE_CODEC_ACTION_ENTRY,,,,ADIE_CODEC_ACTION_ENTRY,,ADIE_CODEC_ACTION_ENTRY,,,,ADIE_CODEC_ACTION_ENTRY,,,,,,ADIE_CODEC_ACTION_ENTRY,,,,ADIE_CODEC_ACTION_ENTRY,,,,ADIE_CODEC_ACTION_ENTRY,,,,ADIE_CODEC_ACTION_ENTRY,,,,ADIE_CODEC_ACTION_ENTRY,,,,ADIE_CODEC_ACTION_ENTRY,,,,ADIE_CODEC_ACTION_ENTRY,,,,ADIE_CODEC_ACTION_ENTRY,,,,ADIE_CODEC_ACTION_STAGE_REACHED,ADIE_CODEC_ANALOG_OFF,ADIE_CODEC_ACTION_STAGE_REACHED,ADIE_CODEC_DIGITAL_OFF,,,,,,,,,,,,,,,,,,,,,,,,
,,,,,,,,,,,,,,,,,,,,,,,,,,,,,,,,,,,,,,,,,,,,,,,,,,,,,,,,,,,,,,,,,,,,,,,,,,,,,,,,,,,,,,,,,,,,,,,,,,,,,,,,,,,,,,,,,,,,,,,,,,,,,,,,,,,,,,,,,,,,,,,,,,,,,,,,,,,,,,,,,,,,,,,,,,,,,,,,,,,,,,,,,,,,,,,,,,,,,,,,,,,,,,,,,,,,,,,,,,,,,,,,,,,,,,,,,,,,,,,,,,,,,,,,,,,,,,
26,fmradio_headset_rx,AUXPGA_HEADSET_STEREO_RX_CAPLESS_48000,0x3,0x0001,0x1,0x80,0x02,0x02,0x1,0x80,0x02,0x00,0x1,0x83,0x03,0x00,0x1,0x8A,0x0F,0x03,0x1,0xA3,0x02,0x02,0x1,0x84,0xFF,0x00,0x1,0x85,0xFF,0x00,0x1,0x8A,0x0F,0x0C,0x1,0x81,0xFF,0x0E,0x1,0x83,0x03,0x03,0x3,0x0100,0x1,0x21,0xFF,0x28,0x1,0x22,0xFF,0xA9,0x1,0x26,0xFF,0xD1,0x1,0x50,0xFF,0xEA,0x1,0x33,0xF0,0xC0,0x1,0x2F,0x88,0x88,0x1,0x30,0x90,0x90,0x1,0x24,0x6F,0x6C,0x1,0xB7,0x01,0x01,0x1,0x31,0xFF,0x04,0x1,0x31,0xFF,0x55,0x1,0x4C,0xFE,0xCA,0x2,0xbb8,0x1,0x50,0xFF,0xEA,0x1,0x33,0xF0,0x30,0x1,0x31,0xFF,0xF5,0x1,0x4C,0xFE,0xC8,0x1,0x38,0xFF,0x00,0x1,0xE2,0xFE,0xAC,0x1,0xE3,0xFE,0xAC,0x1,0x3C,0xB4,0xB4,0x1,0x3D,0x90,0x00,0x1,0x38,0xFF,0x55,0x1,0xE2,0xFE,0x3C,0x1,0xE3,0xFE,0x3C,0x1,0xE2,0xFE,0x1C,0x1,0xE3,0xFE,0x1C,0x1,0x38,0xFF,0x88,0x1,0xE2,0xFE,0x04,0x1,0xE3,0xFE,0x04,0x3,0x1000,0x1,0x8A,0x0F,0x03,0x1,0x38,0xFF,0x55,0x1,0xE2,0xFE,0x1C,0x1,0xE3,0xFE,0x1C,0x1,0x38,0xFF,0x00,0x1,0xE2,0xFE,0x3C,0x1,0xE3,0xFE,0x3C,0x1,0xE2,0xFE,0xAC,0x1,0xE3,0xFE,0xAC,0x1,0x36,0xFE,0xAC,0x1,0x37,0xFE,0xAC,0x1,0x3C,0x90,0x00,0x1,0x3D,0x90,0x00,0x1,0x33,0xF0,0x00,0x1,0x31,0xFF,0x00,0x3,0x0750,0x3,0x0600,,,,,,,,,,,,,,,,,,,,,,,,
,,,,,,,,,,,,,,,,,,,,,,,,,,,,,,,,,,,,,,,,,,,,,,,,,,,,,,,,,,,,,,,,,,,,,,,,,,,,,,,,,,,,,,,,,,,,,,,,,,,,,,,,,,,,,,,,,,,,,,,,,,,,,,,,,,,,,,,,,,,,,,,,,,,,,,,,,,,,,,,,,,,,,,,,,,,,,,,,,,,,,,,,,,,,,,,,,,,,,,,,,,,,,,,,,,,,,,,,,,,,,,,,,,,,,,,,,,,,,,,,,,,,,,,,,,,,,,
,,,ADIE_CODEC_ACTION_STAGE_REACHED,ADIE_CODEC_FLASH_IMAGE,ADIE_CODEC_ACTION_ENTRY,,,,ADIE_CODEC_ACTION_ENTRY,,,,ADIE_CODEC_ACTION_ENTRY,,,,ADIE_CODEC_ACTION_ENTRY,,,,ADIE_CODEC_ACTION_ENTRY,,,,ADIE_CODEC_ACTION_ENTRY,,,,ADIE_CODEC_ACTION_ENTRY,,,,ADIE_CODEC_ACTION_ENTRY,,,,ADIE_CODEC_ACTION_ENTRY,,,,ADIE_CODEC_ACTION_ENTRY,,,,ADIE_CODEC_ACTION_STAGE_REACHED,ADIE_CODEC_DIGITAL_READY,ADIE_CODEC_ACTION_ENTRY,,,,ADIE_CODEC_ACTION_ENTRY,,,,ADIE_CODEC_ACTION_ENTRY,,,,ADIE_CODEC_ACTION_ENTRY,,,,ADIE_CODEC_ACTION_ENTRY,,,,ADIE_CODEC_ACTION_ENTRY,,,,ADIE_CODEC_ACTION_ENTRY,,,,ADIE_CODEC_ACTION_ENTRY,,,,ADIE_CODEC_ACTION_ENTRY,,,,ADIE_CODEC_ACTION_ENTRY,,,,ADIE_CODEC_ACTION_ENTRY,,,,ADIE_CODEC_ACTION_DELAY_WAIT,,ADIE_CODEC_ACTION_ENTRY,,,,ADIE_CODEC_ACTION_ENTRY,,,,ADIE_CODEC_ACTION_ENTRY,,,,ADIE_CODEC_ACTION_ENTRY,,,,ADIE_CODEC_ACTION_ENTRY,,,,ADIE_CODEC_ACTION_ENTRY,,,,ADIE_CODEC_ACTION_ENTRY,,,,ADIE_CODEC_ACTION_ENTRY,,,,ADIE_CODEC_ACTION_ENTRY,,,,ADIE_CODEC_ACTION_ENTRY,,,,ADIE_CODEC_ACTION_ENTRY,,,,ADIE_CODEC_ACTION_ENTRY,,,,ADIE_CODEC_ACTION_ENTRY,,,,ADIE_CODEC_ACTION_ENTRY,,,,ADIE_CODEC_ACTION_ENTRY,,,,ADIE_CODEC_ACTION_ENTRY,,,,ADIE_CODEC_ACTION_STAGE_REACHED,ADIE_CODEC_DIGITAL_ANALOG_READY,ADIE_CODEC_ACTION_ENTRY,,,,ADIE_CODEC_ACTION_ENTRY,,,,ADIE_CODEC_ACTION_ENTRY,,,,ADIE_CODEC_ACTION_ENTRY,,,,ADIE_CODEC_ACTION_ENTRY,,ADIE_CODEC_ACTION_ENTRY,,,,ADIE_CODEC_ACTION_ENTRY,,,,,,ADIE_CODEC_ACTION_ENTRY,,,,ADIE_CODEC_ACTION_ENTRY,,,,ADIE_CODEC_ACTION_ENTRY,,,,ADIE_CODEC_ACTION_ENTRY,,,,ADIE_CODEC_ACTION_ENTRY,,,,ADIE_CODEC_ACTION_ENTRY,,,,ADIE_CODEC_ACTION_ENTRY,,,,ADIE_CODEC_ACTION_ENTRY,,,,ADIE_CODEC_ACTION_ENTRY,,,,ADIE_CODEC_ACTION_STAGE_REACHED,ADIE_CODEC_ANALOG_OFF,ADIE_CODEC_ACTION_STAGE_REACHED,ADIE_CODEC_DIGITAL_OFF,,,,,,,,,,,,,,,,,,,,,,,,,,,,
,,,,,,,,,,,,,,,,,,,,,,,,,,,,,,,,,,,,,,,,,,,,,,,,,,,,,,,,,,,,,,,,,,,,,,,,,,,,,,,,,,,,,,,,,,,,,,,,,,,,,,,,,,,,,,,,,,,,,,,,,,,,,,,,,,,,,,,,,,,,,,,,,,,,,,,,,,,,,,,,,,,,,,,,,,,,,,,,,,,,,,,,,,,,,,,,,,,,,,,,,,,,,,,,,,,,,,,,,,,,,,,,,,,,,,,,,,,,,,,,,,,,,,,,,,,,,,
27,fmradio_speaker_rx,AUXPGA_SPEAKER_RX_48000,0x3,0x0001,0x1,0x80,0x02,0x02,0x1,0x80,0x02,0x00,0x1,0x83,0x03,0x00,0x1,0x8A,0x0F,0x03,0x1,0xA3,0x02,0x02,0x1,0x84,0xFF,0x00,0x1,0x85,0xFF,0x00,0x1,0x8A,0x0F,0x0C,0x1,0x81,0xFF,0x0E,0x1,0x83,0x03,0x03,0x3,0x0100,0x1,0x21,0xFF,0x28,0x1,0x22,0xFF,0xA9,0x1,0x26,0xFF,0xD1,0x1,0x50,0xFF,0xEA,0x1,0x33,0xF0,0xC0,0x1,0x2F,0x88,0x88,0x1,0x30,0x90,0x90,0x1,0x24,0x6F,0x6C,0x1,0xB7,0x01,0x01,0x1,0x31,0x01,0x01,0x1,0x32,0xF8,0x08,0x2,0xbb8,0x1,0x50,0xFF,0xEA,0x1,0x33,0xF0,0x30,0x1,0x32,0xF8,0xF8,0x1,0x38,0xFF,0x00,0x1,0xE0,0xFE,0xAC,0x1,0xE1,0xFE,0xAC,0x1,0x3A,0xA0,0xA0,0x1,0x3B,0x14,0x14,0x1,0x38,0xFF,0x55,0x1,0xE0,0xFE,0x3C,0x1,0xE1,0xFE,0x3C,0x1,0xE0,0xFE,0x1C,0x1,0xE1,0xFE,0x1C,0x1,0x38,0xFF,0xCC,0x1,0xE0,0xFE,0x04,0x1,0xE1,0xFE,0x04,0x3,0x1000,0x1,0x8A,0x0F,0x03,0x1,0x38,0xFF,0x55,0x1,0xE0,0xFE,0x1C,0x1,0xE1,0xFE,0x1C,0x1,0x38,0xFF,0x00,0x1,0xE0,0xFE,0x3C,0x1,0xE1,0xFE,0x3C,0x1,0xE0,0xFE,0xAC,0x1,0xE1,0xFE,0xAC,0x1,0x36,0xFE,0xAC,0x1,0x37,0xFE,0xAC,0x1,0x3A,0xA0,0x00,0x1,0x3B,0x14,0x00,0x1,0x33,0xF0,0x00,0x1,0x32,0xF8,0x00,0x1,0x31,0x05,0x00,0x3,0x0750,0x3,0x0600,,,,,,,,,,,,,,,,,,,,,,,,,,,,
,,,,,,,,,,,,,,,,,,,,,,,,,,,,,,,,,,,,,,,,,,,,,,,,,,,,,,,,,,,,,,,,,,,,,,,,,,,,,,,,,,,,,,,,,,,,,,,,,,,,,,,,,,,,,,,,,,,,,,,,,,,,,,,,,,,,,,,,,,,,,,,,,,,,,,,,,,,,,,,,,,,,,,,,,,,,,,,,,,,,,,,,,,,,,,,,,,,,,,,,,,,,,,,,,,,,,,,,,,,,,,,,,,,,,,,,,,,,,,,,,,,,,,,,,,,,,,
,,,ADIE_CODEC_ACTION_STAGE_REACHED,ADIE_CODEC_FLASH_IMAGE,ADIE_CODEC_ACTION_ENTRY,,,,ADIE_CODEC_ACTION_ENTRY,,,,ADIE_CODEC_ACTION_ENTRY,,,,ADIE_CODEC_ACTION_ENTRY,,,,ADIE_CODEC_ACTION_ENTRY,,,,ADIE_CODEC_ACTION_ENTRY,,,,ADIE_CODEC_ACTION_ENTRY,,,,ADIE_CODEC_ACTION_ENTRY,,,,ADIE_CODEC_ACTION_ENTRY,,,,ADIE_CODEC_ACTION_ENTRY,,,,ADIE_CODEC_ACTION_STAGE_REACHED,ADIE_CODEC_DIGITAL_READY,ADIE_CODEC_ACTION_ENTRY,,,,ADIE_CODEC_ACTION_ENTRY,,,,ADIE_CODEC_ACTION_ENTRY,,,,ADIE_CODEC_ACTION_ENTRY,,,,ADIE_CODEC_ACTION_ENTRY,,,,ADIE_CODEC_ACTION_ENTRY,,,,ADIE_CODEC_ACTION_ENTRY,,,,ADIE_CODEC_ACTION_ENTRY,,,,ADIE_CODEC_ACTION_DELAY_WAIT,,ADIE_CODEC_ACTION_ENTRY,,,,ADIE_CODEC_ACTION_ENTRY,,,,ADIE_CODEC_ACTION_ENTRY,,,,ADIE_CODEC_ACTION_ENTRY,,,,ADIE_CODEC_ACTION_ENTRY,,,,ADIE_CODEC_ACTION_ENTRY,,,,ADIE_CODEC_ACTION_ENTRY,,,,ADIE_CODEC_ACTION_ENTRY,,,,ADIE_CODEC_ACTION_ENTRY,,,,ADIE_CODEC_ACTION_ENTRY,,,,ADIE_CODEC_ACTION_ENTRY,,,,ADIE_CODEC_ACTION_ENTRY,,,,ADIE_CODEC_ACTION_ENTRY,,,,ADIE_CODEC_ACTION_ENTRY,,,,ADIE_CODEC_ACTION_ENTRY,,,,ADIE_CODEC_ACTION_ENTRY,,,,ADIE_CODEC_ACTION_ENTRY,,,,ADIE_CODEC_ACTION_ENTRY,,,,ADIE_CODEC_ACTION_ENTRY,,,,ADIE_CODEC_ACTION_ENTRY,,,,ADIE_CODEC_ACTION_ENTRY,,,,ADIE_CODEC_ACTION_ENTRY,,,,ADIE_CODEC_ACTION_ENTRY,,,,ADIE_CODEC_ACTION_STAGE_REACHED,ADIE_CODEC_DIGITAL_ANALOG_READY,ADIE_CODEC_ACTION_ENTRY,,,,ADIE_CODEC_ACTION_ENTRY,,,,ADIE_CODEC_ACTION_ENTRY,,,,ADIE_CODEC_ACTION_ENTRY,,,,ADIE_CODEC_ACTION_ENTRY,,,,ADIE_CODEC_ACTION_ENTRY,,,,ADIE_CODEC_ACTION_ENTRY,,,,ADIE_CODEC_ACTION_ENTRY,,,,ADIE_CODEC_ACTION_ENTRY,,,,ADIE_CODEC_ACTION_ENTRY,,,,ADIE_CODEC_ACTION_ENTRY,,,,ADIE_CODEC_ACTION_ENTRY,,,,ADIE_CODEC_ACTION_ENTRY,,,,ADIE_CODEC_ACTION_ENTRY,,,,ADIE_CODEC_ACTION_ENTRY,,,,ADIE_CODEC_ACTION_ENTRY,,,,ADIE_CODEC_ACTION_ENTRY,,,,ADIE_CODEC_ACTION_ENTRY,,,,ADIE_CODEC_ACTION_ENTRY,,,,ADIE_CODEC_ACTION_STAGE_REACHED,ADIE_CODEC_ANALOG_OFF,ADIE_CODEC_ACTION_STAGE_REACHED,ADIE_CODEC_DIGITAL_OFF
,,,,,,,,,,,,,,,,,,,,,,,,,,,,,,,,,,,,,,,,,,,,,,,,,,,,,,,,,,,,,,,,,,,,,,,,,,,,,,,,,,,,,,,,,,,,,,,,,,,,,,,,,,,,,,,,,,,,,,,,,,,,,,,,,,,,,,,,,,,,,,,,,,,,,,,,,,,,,,,,,,,,,,,,,,,,,,,,,,,,,,,,,,,,,,,,,,,,,,,,,,,,,,,,,,,,,,,,,,,,,,,,,,,,,,,,,,,,,,,,,,,,,,,,,,,,,,
28,headset_speaker_stereo_rx,SPEAKER_HEADSET_STEREO_RX_CAPLESS_48000_OSR_256,0x3,0x0001,0x1,0x80,0x02,0x02,0x1,0x80,0x02,0x00,0x1,0x83,0x03,0x00,0x1,0x8A,0x0F,0x03,0x1,0xA3,0x02,0x02,0x1,0x84,0xFF,0x0B,0x1,0x85,0xFF,0x0B,0x1,0x8A,0x0F,0x0C,0x1,0x81,0xFF,0x0E,0x1,0x83,0x03,0x03,0x3,0x0100,0x1,0x21,0xFF,0x28,0x1,0x22,0xFF,0xA9,0x1,0x26,0xFF,0xD1,0x1,0x24,0x6F,0x6C,0x1,0xB7,0x01,0x01,0x1,0x31,0xFF,0x55,0x1,0x32,0xF8,0x08,0x1,0x4C,0xFE,0xCA,0x2,0x1388,0x1,0x31,0xFF,0xF5,0x1,0x32,0xF8,0xF8,0x1,0x4C,0xFE,0xC8,0x1,0xE0,0xFE,0xAC,0x1,0xE1,0xFE,0xAC,0x1,0xE2,0xFE,0xAC,0x1,0xE3,0xFE,0xAC,0x1,0x3A,0x24,0x20,0x1,0x3B,0x04,0x04,0x1,0x3C,0x27,0x24,0x1,0x3D,0x04,0x00,0x1,0xE0,0xFE,0x3C,0x1,0xE1,0xFE,0x3C,0x1,0xE2,0xFE,0x3C,0x1,0xE3,0xFE,0x3C,0x1,0xE0,0xFE,0x1C,0x1,0xE1,0xFE,0x1C,0x1,0xE2,0xFE,0x1C,0x1,0xE3,0xFE,0x1C,0x1,0xE0,0xFE,0x10,0x1,0xE1,0xFE,0x10,0x1,0xE2,0xFE,0x20,0x1,0xE3,0xFE,0x20,0x3,0x1000,0x1,0x8A,0x0F,0x03,0x1,0xE0,0xFE,0x1C,0x1,0xE1,0xFE,0x1C,0x1,0xE2,0xFE,0x1C,0x1,0xE3,0xFE,0x1C,0x1,0xE0,0xFE,0x3C,0x1,0xE1,0xFE,0x3C,0x1,0xE2,0xFE,0x3C,0x1,0xE3,0xFE,0x3C,0x1,0xE0,0xFE,0xAC,0x1,0xE1,0xFE,0xAC,0x1,0xE2,0xFE,0xAC,0x1,0xE3,0xFE,0xAC,0x1,0x3A,0x24,0x00,0x1,0x3B,0x04,0x00,0x1,0x3C,0x27,0x00,0x1,0x3D,0x04,0x00,0x1,0x32,0xF8,0x00,0x1,0x31,0xFF,0x00,0x3,0x0750,0x3,0x0600
,,,,,,,,,,,,,,,,,,,,,,,,,,,,,,,,,,,,,,,,,,,,,,,,,,,,,,,,,,,,,,,,,,,,,,,,,,,,,,,,,,,,,,,,,,,,,,,,,,,,,,,,,,,,,,,,,,,,,,,,,,,,,,,,,,,,,,,,,,,,,,,,,,,,,,,,,,,,,,,,,,,,,,,,,,,,,,,,,,,,,,,,,,,,,,,,,,,,,,,,,,,,,,,,,,,,,,,,,,,,,,,,,,,,,,,,,,,,,,,,,,,,,,,,,,,,,,
,,,ADIE_CODEC_ACTION_STAGE_REACHED,ADIE_CODEC_FLASH_IMAGE,ADIE_CODEC_ACTION_ENTRY,,,,ADIE_CODEC_ACTION_ENTRY,,,,ADIE_CODEC_ACTION_ENTRY,,,,ADIE_CODEC_ACTION_ENTRY,,,,ADIE_CODEC_ACTION_ENTRY,,,,ADIE_CODEC_ACTION_ENTRY,,,,ADIE_CODEC_ACTION_ENTRY,,,,ADIE_CODEC_ACTION_ENTRY,,,,ADIE_CODEC_ACTION_ENTRY,,,,ADIE_CODEC_ACTION_ENTRY,,,,ADIE_CODEC_ACTION_ENTRY,,,,ADIE_CODEC_ACTION_ENTRY,,,,ADIE_CODEC_ACTION_ENTRY,,,,ADIE_CODEC_ACTION_ENTRY,,,,ADIE_CODEC_ACTION_STAGE_REACHED,ADIE_CODEC_DIGITAL_READY,ADIE_CODEC_ACTION_ENTRY,,,,ADIE_CODEC_ACTION_ENTRY,,,,ADIE_CODEC_ACTION_ENTRY,,,,ADIE_CODEC_ACTION_ENTRY,,,,ADIE_CODEC_ACTION_DELAY_WAIT,,ADIE_CODEC_ACTION_ENTRY,,,,ADIE_CODEC_ACTION_ENTRY,,,,ADIE_CODEC_ACTION_ENTRY,,,,ADIE_CODEC_ACTION_ENTRY,,,,ADIE_CODEC_ACTION_STAGE_REACHED,ADIE_CODEC_DIGITAL_ANALOG_READY,ADIE_CODEC_ACTION_ENTRY,,,,ADIE_CODEC_ACTION_ENTRY,,,,ADIE_CODEC_ACTION_STAGE_REACHED,ADIE_CODEC_ANALOG_OFF,ADIE_CODEC_ACTION_ENTRY,,,,ADIE_CODEC_ACTION_ENTRY,,,,ADIE_CODEC_ACTION_ENTRY,,,,ADIE_CODEC_ACTION_ENTRY,,,,ADIE_CODEC_ACTION_STAGE_REACHED,ADIE_CODEC_DIGITAL_OFF,,,,,,,,,,,,,,,,,,,,,,,,,,,,,,,,,,,,,,,,,,,,,,,,,,,,,,,,,,,,,,,,,,,,,,,,,,,,,,,,,,,,,,,,,,,,,,,,,,,,,,,,,,,,,,,,,,,,,,,,,,,,,,,,
,,,,,,,,,,,,,,,,,,,,,,,,,,,,,,,,,,,,,,,,,,,,,,,,,,,,,,,,,,,,,,,,,,,,,,,,,,,,,,,,,,,,,,,,,,,,,,,,,,,,,,,,,,,,,,,,,,,,,,,,,,,,,,,,,,,,,,,,,,,,,,,,,,,,,,,,,,,,,,,,,,,,,,,,,,,,,,,,,,,,,,,,,,,,,,,,,,,,,,,,,,,,,,,,,,,,,,,,,,,,,,,,,,,,,,,,,,,,,,,,,,,,,,,,,,,,,,
29,fm_headset_mono_tx,FM_HEADSET_MONO_TX_48000_OSR_256,0x3,0x0001,0x1,0x80,0x05,0x05,0x1,0x80,0x05,0x00,0x1,0x83,0x0C,0x00,0x1,0x8A,0xF0,0xF0,0x1,0x8A,0xF0,0xF0,0x1,0x86,0xFF,0xAC,0x1,0x87,0xFF,0xAC,0x1,0x8A,0xF0,0xF0,0x1,0x82,0xFF,0x1E,0x1,0xA3,0x01,0x01,0x1,0x93,0xFF,0x00,0x1,0x94,0xFF,0x1B,0x1,0x99,0x0F,0x00,0x1,0x9F,0x03,0x03,0x3,0x0100,0x1,0x0D,0xFF,0xC6,0x1,0x11,0xFF,0xBC,0x1,0x12,0xFF,0xBC,0x1,0x14,0xFF,0x65,0x2,0xbb8,0x1,0x83,0x0C,0x0C,0x1,0x86,0xff,0x0C,0x1,0x87,0xff,0x00,0x1,0x8A,0xF0,0xC0,0x3,0x1000,0x1,0x8A,0xF0,0xF0,0x1,0x83,0x0C,0x00,0x3,0x0750,0x1,0x11,0xff,0x00,0x1,0x12,0xff,0xBC,0x1,0x14,0xff,0x64,0x1,0x0D,0xff,0x00,0x3,0x0600,,,,,,,,,,,,,,,,,,,,,,,,,,,,,,,,,,,,,,,,,,,,,,,,,,,,,,,,,,,,,,,,,,,,,,,,,,,,,,,,,,,,,,,,,,,,,,,,,,,,,,,,,,,,,,,,,,,,,,,,,,,,,,,,
,,,,,,,,,,,,,,,,,,,,,,,,,,,,,,,,,,,,,,,,,,,,,,,,,,,,,,,,,,,,,,,,,,,,,,,,,,,,,,,,,,,,,,,,,,,,,,,,,,,,,,,,,,,,,,,,,,,,,,,,,,,,,,,,,,,,,,,,,,,,,,,,,,,,,,,,,,,,,,,,,,,,,,,,,,,,,,,,,,,,,,,,,,,,,,,,,,,,,,,,,,,,,,,,,,,,,,,,,,,,,,,,,,,,,,,,,,,,,,,,,,,,,,,,,,,,,,
,,,ADIE_CODEC_ACTION_STAGE_REACHED,ADIE_CODEC_FLASH_IMAGE,ADIE_CODEC_ACTION_ENTRY,,,,ADIE_CODEC_ACTION_ENTRY,,,,ADIE_CODEC_ACTION_ENTRY,,,,ADIE_CODEC_ACTION_ENTRY,,,,ADIE_CODEC_ACTION_ENTRY,,,,ADIE_CODEC_ACTION_ENTRY,,,,ADIE_CODEC_ACTION_ENTRY,,,,ADIE_CODEC_ACTION_ENTRY,,,,ADIE_CODEC_ACTION_ENTRY,,,,ADIE_CODEC_ACTION_ENTRY,,,,ADIE_CODEC_ACTION_ENTRY,,,,ADIE_CODEC_ACTION_ENTRY,,,,ADIE_CODEC_ACTION_ENTRY,,,,ADIE_CODEC_ACTION_ENTRY,,,,ADIE_CODEC_ACTION_STAGE_REACHED,ADIE_CODEC_DIGITAL_READY,ADIE_CODEC_ACTION_ENTRY,,,,ADIE_CODEC_ACTION_ENTRY,,,,ADIE_CODEC_ACTION_ENTRY,,,,ADIE_CODEC_ACTION_ENTRY,,,,ADIE_CODEC_ACTION_DELAY_WAIT,,ADIE_CODEC_ACTION_ENTRY,,,,ADIE_CODEC_ACTION_ENTRY,,,,ADIE_CODEC_ACTION_ENTRY,,,,ADIE_CODEC_ACTION_ENTRY,,,,ADIE_CODEC_ACTION_STAGE_REACHED,ADIE_CODEC_DIGITAL_ANALOG_READY,ADIE_CODEC_ACTION_ENTRY,,,,ADIE_CODEC_ACTION_ENTRY,,,,ADIE_CODEC_ACTION_STAGE_REACHED,ADIE_CODEC_ANALOG_OFF,ADIE_CODEC_ACTION_ENTRY,,,,ADIE_CODEC_ACTION_ENTRY,,,,ADIE_CODEC_ACTION_ENTRY,,,,ADIE_CODEC_ACTION_ENTRY,,,,ADIE_CODEC_ACTION_STAGE_REACHED,ADIE_CODEC_DIGITAL_OFF,,,,,,,,,,,,,,,,,,,,,,,,,,,,,,,,,,,,,,,,,,,,,,,,,,,,,,,,,,,,,,,,,,,,,,,,,,,,,,,,,,,,,,,,,,,,,,,,,,,,,,,,,,,,,,,,,,,,,,,,,,,,,,,,
,,,,,,,,,,,,,,,,,,,,,,,,,,,,,,,,,,,,,,,,,,,,,,,,,,,,,,,,,,,,,,,,,,,,,,,,,,,,,,,,,,,,,,,,,,,,,,,,,,,,,,,,,,,,,,,,,,,,,,,,,,,,,,,,,,,,,,,,,,,,,,,,,,,,,,,,,,,,,,,,,,,,,,,,,,,,,,,,,,,,,,,,,,,,,,,,,,,,,,,,,,,,,,,,,,,,,,,,,,,,,,,,,,,,,,,,,,,,,,,,,,,,,,,,,,,,,,
32,tty_headset_mono_tx_voice_48000,TTY_HEADSET_MONO_TX_48000_OSR_256,0x3,0x0001,0x1,0x80,0x05,0x05,0x1,0x80,0x05,0x00,0x1,0x83,0x0C,0x00,0x1,0x8A,0xF0,0xF0,0x1,0x8A,0xF0,0xF0,0x1,0x86,0xFF,0xAC,0x1,0x87,0xFF,0xAC,0x1,0x8A,0xF0,0xF0,0x1,0x82,0xFF,0x1E,0x1,0xA3,0x01,0x01,0x1,0x93,0xFF,0x00,0x1,0x94,0xFF,0x1B,0x1,0x99,0x0F,0x00,0x1,0x9F,0x03,0x03,0x3,0x0100,0x1,0x0D,0xFF,0xC8,0x1,0x11,0xFF,0xBC,0x1,0x12,0xFF,0xBC,0x1,0x14,0xFF,0x65,0x2,0xbb8,0x1,0x83,0x0C,0x0C,0x1,0x86,0xff,0x00,0x1,0x87,0xff,0x00,0x1,0x8A,0xF0,0xC0,0x3,0x1000,0x1,0x8A,0xF0,0xF0,0x1,0x83,0x0C,0x00,0x3,0x0750,0x1,0x11,0xff,0x00,0x1,0x12,0xff,0xBC,0x1,0x14,0xff,0x64,0x1,0x0D,0xff,0x00,0x3,0x0600,,,,,,,,,,,,,,,,,,,,,,,,,,,,,,,,,,,,,,,,,,,,,,,,,,,,,,,,,,,,,,,,,,,,,,,,,,,,,,,,,,,,,,,,,,,,,,,,,,,,,,,,,,,,,,,,,,,,,,,,,,,,,,,,
,,,,,,,,,,,,,,,,,,,,,,,,,,,,,,,,,,,,,,,,,,,,,,,,,,,,,,,,,,,,,,,,,,,,,,,,,,,,,,,,,,,,,,,,,,,,,,,,,,,,,,,,,,,,,,,,,,,,,,,,,,,,,,,,,,,,,,,,,,,,,,,,,,,,,,,,,,,,,,,,,,,,,,,,,,,,,,,,,,,,,,,,,,,,,,,,,,,,,,,,,,,,,,,,,,,,,,,,,,,,,,,,,,,,,,,,,,,,,,,,,,,,,,,,,,,,,,
,,,ADIE_CODEC_ACTION_STAGE_REACHED,ADIE_CODEC_FLASH_IMAGE,ADIE_CODEC_ACTION_ENTRY,,,,ADIE_CODEC_ACTION_ENTRY,,,,ADIE_CODEC_ACTION_ENTRY,,,,ADIE_CODEC_ACTION_ENTRY,,,,ADIE_CODEC_ACTION_ENTRY,,,,ADIE_CODEC_ACTION_ENTRY,,,,ADIE_CODEC_ACTION_ENTRY,,,,ADIE_CODEC_ACTION_ENTRY,,,,ADIE_CODEC_ACTION_ENTRY,,,,ADIE_CODEC_ACTION_ENTRY,,,,ADIE_CODEC_ACTION_ENTRY,,,,ADIE_CODEC_ACTION_ENTRY,,,,ADIE_CODEC_ACTION_ENTRY,,,,ADIE_CODEC_ACTION_ENTRY,,,,ADIE_CODEC_ACTION_STAGE_REACHED,ADIE_CODEC_DIGITAL_READY,ADIE_CODEC_ACTION_ENTRY,,,,ADIE_CODEC_ACTION_ENTRY,,,,ADIE_CODEC_ACTION_ENTRY,,,,ADIE_CODEC_ACTION_ENTRY,,,,ADIE_CODEC_ACTION_DELAY_WAIT,,ADIE_CODEC_ACTION_ENTRY,,,,ADIE_CODEC_ACTION_ENTRY,,,,ADIE_CODEC_ACTION_ENTRY,,,,ADIE_CODEC_ACTION_ENTRY,,,,ADIE_CODEC_ACTION_STAGE_REACHED,ADIE_CODEC_DIGITAL_ANALOG_READY,ADIE_CODEC_ACTION_ENTRY,,,,ADIE_CODEC_ACTION_ENTRY,,,,ADIE_CODEC_ACTION_STAGE_REACHED,ADIE_CODEC_ANALOG_OFF,ADIE_CODEC_ACTION_ENTRY,,,,ADIE_CODEC_ACTION_ENTRY,,,,ADIE_CODEC_ACTION_ENTRY,,,,ADIE_CODEC_ACTION_ENTRY,,,,ADIE_CODEC_ACTION_STAGE_REACHED,ADIE_CODEC_DIGITAL_OFF,,,,,,,,,,,,,,,,,,,,,,,,,,,,,,,,,,,,,,,,,,,,,,,,,,,,,,,,,,,,,,,,,,,,,,,,,,,,,,,,,,,,,,,,,,,,,,,,,,,,,,,,,,,,,,,,,,,,,,,,,,,,,,,,
,,,,,,,,,,,,,,,,,,,,,,,,,,,,,,,,,,,,,,,,,,,,,,,,,,,,,,,,,,,,,,,,,,,,,,,,,,,,,,,,,,,,,,,,,,,,,,,,,,,,,,,,,,,,,,,,,,,,,,,,,,,,,,,,,,,,,,,,,,,,,,,,,,,,,,,,,,,,,,,,,,,,,,,,,,,,,,,,,,,,,,,,,,,,,,,,,,,,,,,,,,,,,,,,,,,,,,,,,,,,,,,,,,,,,,,,,,,,,,,,,,,,,,,,,,,,,,
33,handset_vr_tx_midi_48000,HANDSET_VR_TX_48000_OSR_256,0x3,0x0001,0x1,0x80,0x05,0x05,0x1,0x80,0x05,0x00,0x1,0x83,0x0C,0x00,0x1,0x8A,0xF0,0xF0,0x1,0x8A,0xF0,0xF0,0x1,0x86,0xFF,0xAC,0x1,0x87,0xFF,0xAC,0x1,0x8A,0xF0,0xF0,0x1,0x82,0xFF,0x1E,0x1,0xA3,0x01,0x01,0x1,0x93,0xFF,0x00,0x1,0x94,0xFF,0x1B,0x1,0x99,0x0F,0x00,0x1,0x9F,0x03,0x03,0x3,0x0100,0x1,0x0D,0xFF,0xD0,0x1,0x11,0xFF,0xBC,0x1,0x12,0xFF,0xBC,0x1,0x14,0xFF,0x65,0x2,0xbb8,0x1,0x83,0x0C,0x0C,0x1,0x86,0xff,0x10,0x1,0x87,0xff,0x00,0x1,0x8A,0xF0,0xC0,0x3,0x1000,0x1,0x8A,0xF0,0xF0,0x1,0x83,0x0C,0x00,0x3,0x0750,0x1,0x11,0xff,0x00,0x1,0x12,0xff,0xBC,0x1,0x14,0xff,0x64,0x1,0x0D,0xff,0x00,0x3,0x0600,,,,,,,,,,,,,,,,,,,,,,,,,,,,,,,,,,,,,,,,,,,,,,,,,,,,,,,,,,,,,,,,,,,,,,,,,,,,,,,,,,,,,,,,,,,,,,,,,,,,,,,,,,,,,,,,,,,,,,,,,,,,,,,,
,,,,,,,,,,,,,,,,,,,,,,,,,,,,,,,,,,,,,,,,,,,,,,,,,,,,,,,,,,,,,,,,,,,,,,,,,,,,,,,,,,,,,,,,,,,,,,,,,,,,,,,,,,,,,,,,,,,,,,,,,,,,,,,,,,,,,,,,,,,,,,,,,,,,,,,,,,,,,,,,,,,,,,,,,,,,,,,,,,,,,,,,,,,,,,,,,,,,,,,,,,,,,,,,,,,,,,,,,,,,,,,,,,,,,,,,,,,,,,,,,,,,,,,,,,,,,,
34,headset_vr_tx_midi_48000,HEADSET_VR_TX_48000_OSR_256,0x3,0x0001,0x1,0x80,0x05,0x05,0x1,0x80,0x05,0x00,0x1,0x83,0x0C,0x00,0x1,0x8A,0xF0,0xF0,0x1,0x8A,0xF0,0xF0,0x1,0x86,0xFF,0xAC,0x1,0x87,0xFF,0xAC,0x1,0x8A,0xF0,0xF0,0x1,0x82,0xFF,0x1E,0x1,0xA3,0x01,0x01,0x1,0x93,0xFF,0x00,0x1,0x94,0xFF,0x1B,0x1,0x99,0x0F,0x00,0x1,0x9F,0x03,0x03,0x3,0x0100,0x1,0x0D,0xFF,0xC8,0x1,0x11,0xFF,0xBC,0x1,0x12,0xFF,0xBC,0x1,0x14,0xFF,0x65,0x2,0xbb8,0x1,0x83,0x0C,0x0C,0x1,0x86,0xff,0x06,0x1,0x87,0xff,0x00,0x1,0x8A,0xF0,0xC0,0x3,0x1000,0x1,0x8A,0xF0,0xF0,0x1,0x83,0x0C,0x00,0x3,0x0750,0x1,0x11,0xff,0x00,0x1,0x12,0xff,0xBC,0x1,0x14,0xff,0x64,0x1,0x0D,0xff,0x00,0x3,0x0600,,,,,,,,,,,,,,,,,,,,,,,,,,,,,,,,,,,,,,,,,,,,,,,,,,,,,,,,,,,,,,,,,,,,,,,,,,,,,,,,,,,,,,,,,,,,,,,,,,,,,,,,,,,,,,,,,,,,,,,,,,,,,,,,
,,,,,,,,,,,,,,,,,,,,,,,,,,,,,,,,,,,,,,,,,,,,,,,,,,,,,,,,,,,,,,,,,,,,,,,,,,,,,,,,,,,,,,,,,,,,,,,,,,,,,,,,,,,,,,,,,,,,,,,,,,,,,,,,,,,,,,,,,,,,,,,,,,,,,,,,,,,,,,,,,,,,,,,,,,,,,,,,,,,,,,,,,,,,,,,,,,,,,,,,,,,,,,,,,,,,,,,,,,,,,,,,,,,,,,,,,,,,,,,,,,,,,,,,,,,,,,
,,,ADIE_CODEC_ACTION_STAGE_REACHED,ADIE_CODEC_FLASH_IMAGE,ADIE_CODEC_ACTION_ENTRY,,,,ADIE_CODEC_ACTION_ENTRY,,,,ADIE_CODEC_ACTION_ENTRY,,,,ADIE_CODEC_ACTION_ENTRY,,,,ADIE_CODEC_ACTION_ENTRY,,,,ADIE_CODEC_ACTION_ENTRY,,,,ADIE_CODEC_ACTION_ENTRY,,,,ADIE_CODEC_ACTION_ENTRY,,,,ADIE_CODEC_ACTION_ENTRY,,,,ADIE_CODEC_ACTION_ENTRY,,,,ADIE_CODEC_ACTION_ENTRY,,,,ADIE_CODEC_ACTION_ENTRY,,,,ADIE_CODEC_ACTION_ENTRY,,,,ADIE_CODEC_ACTION_STAGE_REACHED,ADIE_CODEC_DIGITAL_READY,ADIE_CODEC_ACTION_ENTRY,,,,ADIE_CODEC_ACTION_ENTRY,,,,ADIE_CODEC_ACTION_ENTRY,,,,ADIE_CODEC_ACTION_ENTRY,,,,ADIE_CODEC_ACTION_ENTRY,,,,ADIE_CODEC_ACTION_DELAY_WAIT,,ADIE_CODEC_ACTION_ENTRY,,,,ADIE_CODEC_ACTION_ENTRY,,,,ADIE_CODEC_ACTION_ENTRY,,,,ADIE_CODEC_ACTION_ENTRY,,,,ADIE_CODEC_ACTION_STAGE_REACHED,ADIE_CODEC_DIGITAL_ANALOG_READY,ADIE_CODEC_ACTION_ENTRY,,,,ADIE_CODEC_ACTION_ENTRY,,,,ADIE_CODEC_ACTION_STAGE_REACHED,ADIE_CODEC_ANALOG_OFF,ADIE_CODEC_ACTION_ENTRY,,,,ADIE_CODEC_ACTION_ENTRY,,,,ADIE_CODEC_ACTION_ENTRY,,,,ADIE_CODEC_ACTION_ENTRY,,,,ADIE_CODEC_ACTION_ENTRY,,,,ADIE_CODEC_ACTION_STAGE_REACHED,ADIE_CODEC_DIGITAL_OFF,,,,,,,,,,,,,,,,,,,,,,,,,,,,,,,,,,,,,,,,,,,,,,,,,,,,,,,,,,,,,,,,,,,,,,,,,,,,,,,,,,,,,,,,,,,,,,,,,,,,,,,,,,,,,,,,,,,,,,,,,,,,
,,,,,,,,,,,,,,,,,,,,,,,,,,,,,,,,,,,,,,,,,,,,,,,,,,,,,,,,,,,,,,,,,,,,,,,,,,,,,,,,,,,,,,,,,,,,,,,,,,,,,,,,,,,,,,,,,,,,,,,,,,,,,,,,,,,,,,,,,,,,,,,,,,,,,,,,,,,,,,,,,,,,,,,,,,,,,,,,,,,,,,,,,,,,,,,,,,,,,,,,,,,,,,,,,,,,,,,,,,,,,,,,,,,,,,,,,,,,,,,,,,,,,,,,,,,,,,
35,dual_mic_stereo_tx,LINEIN_PRI_STEREO_48000_OSR_256 ,0x3,0x0001,0x1,0x80,0x05,0x05,0x1,0x80,0x05,0x00,0x1,0x83,0x0C,0x00,0x1,0x8A,0xF0,0xF0,0x1,0x86,0xFF,0xAC,0x1,0x87,0xFF,0xAC,0x1,0x8A,0xF0,0xF0,0x1,0x82,0xFF,0x1E,0x1,0xA3,0x01,0x01,0x1,0x93,0xFF,0x00,0x1,0x94,0xFF,0x1B,0x1,0x99,0x0F,0x04,0x1,0x9F,0x03,0x03,0x3,0x0100,0x1,0x0D,0xFF,0xA4,0x1,0x0E,0xFF,0xA2,0x1,0x11,0xFF,0xBC,0x1,0x12,0xFF,0xBC,0x1,0x14,0xFF,0x65,0x2,0xbb8,0x1,0x83,0x0C,0x0C,0x1,0x86,0xFF,0x00,0x1,0x87,0xFF,0x00,0x1,0x8A,0xF0,0xC0,0x3,0x1000,0x1,0x8A,0xF0,0xF0,0x1,0x83,0x0C,0x00,0x3,0x0750,0x1,0x0D,0xFF,0x00,0x1,0x0E,0xFF,0x00,0x1,0x14,0xFF,0x64,0x1,0x11,0xFF,0x00,0x1,0x12,0xFF,0xBC,0x3,0x0600,,,,,,,,,,,,,,,,,,,,,,,,,,,,,,,,,,,,,,,,,,,,,,,,,,,,,,,,,,,,,,,,,,,,,,,,,,,,,,,,,,,,,,,,,,,,,,,,,,,,,,,,,,,,,,,,,,,,,,,,,,,,
